{
  "exp_id": "B4",
  "split_seed": 6,
  "best_epoch": 7,
  "best_val_score": 0.625,
  "temperature": 1.0155718326568604,
  "threshold": 0.5099999999999999,
  "threshold_result": {
    "threshold": 0.5099999999999999,
    "sensitivity": 1.0,
    "specificity": 0.25,
    "balanced_accuracy": 0.625,
    "youden": 0.25,
    "accuracy": 0.7
  },
  "test_metrics": {
    "roc_auc": 0.8928571428571428,
    "accuracy": 0.7272727272727273,
    "balanced_accuracy": 0.625,
    "sensitivity": {
      "value": 1.0,
      "ci_lower": 0.6456695649333126,
      "ci_upper": 1.0
    },
    "specificity": {
      "value": 0.25,
      "ci_lower": 0.04558726080970055,
      "ci_upper": 0.6993581574175981
    },
    "brier_score": 0.18120503425598145,
    "ece": 0.2014501853422685
  },
  "n_train_patients": 31,
  "n_val_patients": 10,
  "n_test_patients": 11,
  "n_train_spectra": 1228,
  "n_val_spectra": 321,
  "n_test_spectra": 421
}