{
  "exp_id": "B4",
  "split_seed": 16,
  "best_epoch": 1,
  "best_val_score": 0.5,
  "temperature": 1.0695269107818604,
  "threshold": 0.61,
  "threshold_result": {
    "threshold": 0.61,
    "sensitivity": 1.0,
    "specificity": 0.25,
    "balanced_accuracy": 0.625,
    "youden": 0.25,
    "accuracy": 0.7
  },
  "test_metrics": {
    "roc_auc": 0.6785714285714285,
    "accuracy": 0.5454545454545454,
    "balanced_accuracy": 0.42857142857142855,
    "sensitivity": {
      "value": 0.8571428571428571,
      "ci_lower": 0.4868721707256811,
      "ci_upper": 0.9743203756552565
    },
    "specificity": {
      "value": 0.0,
      "ci_lower": 0.0,
      "ci_upper": 0.4898908364545973
    },
    "brier_score": 0.22999577224254608,
    "ece": 0.016059290279041627
  },
  "n_train_patients": 31,
  "n_val_patients": 10,
  "n_test_patients": 11,
  "n_train_spectra": 1024,
  "n_val_spectra": 436,
  "n_test_spectra": 510
}