{
  "exp_id": "B4",
  "split_seed": 19,
  "best_epoch": 22,
  "best_val_score": 1.0,
  "temperature": 0.39491763710975647,
  "threshold": 0.3499999999999999,
  "threshold_result": {
    "threshold": 0.3499999999999999,
    "sensitivity": 1.0,
    "specificity": 1.0,
    "balanced_accuracy": 1.0,
    "youden": 1.0,
    "accuracy": 1.0
  },
  "test_metrics": {
    "roc_auc": 0.9285714285714286,
    "accuracy": 0.9090909090909091,
    "balanced_accuracy": 0.9285714285714286,
    "sensitivity": {
      "value": 0.8571428571428571,
      "ci_lower": 0.4868721707256811,
      "ci_upper": 0.9743203756552565
    },
    "specificity": {
      "value": 1.0,
      "ci_lower": 0.5101091635454027,
      "ci_upper": 1.0
    },
    "brier_score": 0.09643993526697159,
    "ece": 0.12872181629592722
  },
  "n_train_patients": 31,
  "n_val_patients": 10,
  "n_test_patients": 11,
  "n_train_spectra": 1195,
  "n_val_spectra": 370,
  "n_test_spectra": 405
}