{
  "exp_id": "B4",
  "split_seed": 0,
  "best_epoch": 21,
  "best_val_score": 1.0,
  "temperature": 0.5294674038887024,
  "threshold": 0.48999999999999994,
  "threshold_result": {
    "threshold": 0.48999999999999994,
    "sensitivity": 1.0,
    "specificity": 1.0,
    "balanced_accuracy": 1.0,
    "youden": 1.0,
    "accuracy": 1.0
  },
  "test_metrics": {
    "roc_auc": 0.8571428571428571,
    "accuracy": 0.8181818181818182,
    "balanced_accuracy": 0.8035714285714286,
    "sensitivity": {
      "value": 0.8571428571428571,
      "ci_lower": 0.4868721707256811,
      "ci_upper": 0.9743203756552565
    },
    "specificity": {
      "value": 0.75,
      "ci_lower": 0.30064184258240184,
      "ci_upper": 0.9544127391902995
    },
    "brier_score": 0.13043485581874847,
    "ece": 0.2863461646166715
  },
  "n_train_patients": 31,
  "n_val_patients": 10,
  "n_test_patients": 11,
  "n_train_spectra": 1192,
  "n_val_spectra": 372,
  "n_test_spectra": 406
}