{
  "exp_id": "B5",
  "split_seed": 16,
  "best_epoch": 8,
  "best_val_score": 0.7083333333333333,
  "temperature": 0.9561957716941833,
  "threshold": 0.4699999999999999,
  "threshold_result": {
    "threshold": 0.4699999999999999,
    "sensitivity": 0.8333333333333334,
    "specificity": 0.75,
    "balanced_accuracy": 0.7916666666666667,
    "youden": 0.5833333333333335,
    "accuracy": 0.8
  },
  "test_metrics": {
    "roc_auc": 0.6071428571428571,
    "accuracy": 0.5454545454545454,
    "balanced_accuracy": 0.5357142857142857,
    "sensitivity": {
      "value": 0.5714285714285714,
      "ci_lower": 0.2504583645276572,
      "ci_upper": 0.8417801447485302
    },
    "specificity": {
      "value": 0.5,
      "ci_lower": 0.15003898915214947,
      "ci_upper": 0.8499610108478506
    },
    "brier_score": 0.24941194348518278,
    "ece": 0.14859500798312097
  },
  "n_train_patients": 31,
  "n_val_patients": 10,
  "n_test_patients": 11,
  "n_train_spectra": 1024,
  "n_val_spectra": 436,
  "n_test_spectra": 510
}