{
  "exp_id": "B5",
  "split_seed": 9,
  "best_epoch": 28,
  "best_val_score": 1.0,
  "temperature": 0.08938805758953094,
  "threshold": 0.13,
  "threshold_result": {
    "threshold": 0.13,
    "sensitivity": 1.0,
    "specificity": 1.0,
    "balanced_accuracy": 1.0,
    "youden": 1.0,
    "accuracy": 1.0
  },
  "test_metrics": {
    "roc_auc": 0.7142857142857143,
    "accuracy": 0.6363636363636364,
    "balanced_accuracy": 0.6071428571428572,
    "sensitivity": {
      "value": 0.7142857142857143,
      "ci_lower": 0.35893445183261935,
      "ci_upper": 0.9177810759959433
    },
    "specificity": {
      "value": 0.5,
      "ci_lower": 0.15003898915214947,
      "ci_upper": 0.8499610108478506
    },
    "brier_score": 0.33299506211454016,
    "ece": 0.37397955019365664
  },
  "n_train_patients": 31,
  "n_val_patients": 10,
  "n_test_patients": 11,
  "n_train_spectra": 1152,
  "n_val_spectra": 428,
  "n_test_spectra": 390
}