{
  "exp_id": "B5",
  "split_seed": 6,
  "best_epoch": 22,
  "best_val_score": 0.875,
  "temperature": 0.8629462122917175,
  "threshold": 0.37999999999999995,
  "threshold_result": {
    "threshold": 0.37999999999999995,
    "sensitivity": 1.0,
    "specificity": 0.75,
    "balanced_accuracy": 0.875,
    "youden": 0.75,
    "accuracy": 0.9
  },
  "test_metrics": {
    "roc_auc": 0.9642857142857143,
    "accuracy": 0.9090909090909091,
    "balanced_accuracy": 0.875,
    "sensitivity": {
      "value": 1.0,
      "ci_lower": 0.6456695649333126,
      "ci_upper": 1.0
    },
    "specificity": {
      "value": 0.75,
      "ci_lower": 0.30064184258240184,
      "ci_upper": 0.9544127391902995
    },
    "brier_score": 0.09664745486982747,
    "ece": 0.06334069168025797
  },
  "n_train_patients": 31,
  "n_val_patients": 10,
  "n_test_patients": 11,
  "n_train_spectra": 1228,
  "n_val_spectra": 321,
  "n_test_spectra": 421
}