{
  "exp_id": "B6",
  "split_seed": 3,
  "best_epoch": 26,
  "best_val_score": 0.9166666666666667,
  "temperature": 1.0413331985473633,
  "threshold": 0.41999999999999993,
  "threshold_result": {
    "threshold": 0.41999999999999993,
    "sensitivity": 0.8333333333333334,
    "specificity": 1.0,
    "balanced_accuracy": 0.9166666666666667,
    "youden": 0.8333333333333335,
    "accuracy": 0.9
  },
  "test_metrics": {
    "roc_auc": 0.8214285714285714,
    "accuracy": 0.6363636363636364,
    "balanced_accuracy": 0.6607142857142857,
    "sensitivity": {
      "value": 0.5714285714285714,
      "ci_lower": 0.2504583645276572,
      "ci_upper": 0.8417801447485302
    },
    "specificity": {
      "value": 0.75,
      "ci_lower": 0.30064184258240184,
      "ci_upper": 0.9544127391902995
    },
    "brier_score": 0.21821733933158172,
    "ece": 0.37299356677315454
  },
  "n_train_patients": 31,
  "n_val_patients": 10,
  "n_test_patients": 11,
  "n_train_spectra": 1133,
  "n_val_spectra": 437,
  "n_test_spectra": 400
}