{
  "exp_id": "B6",
  "split_seed": 2,
  "best_epoch": 9,
  "best_val_score": 0.875,
  "temperature": 0.941645085811615,
  "threshold": 0.49999999999999994,
  "threshold_result": {
    "threshold": 0.49999999999999994,
    "sensitivity": 1.0,
    "specificity": 0.75,
    "balanced_accuracy": 0.875,
    "youden": 0.75,
    "accuracy": 0.9
  },
  "test_metrics": {
    "roc_auc": 0.7857142857142857,
    "accuracy": 0.8181818181818182,
    "balanced_accuracy": 0.75,
    "sensitivity": {
      "value": 1.0,
      "ci_lower": 0.6456695649333126,
      "ci_upper": 1.0
    },
    "specificity": {
      "value": 0.5,
      "ci_lower": 0.15003898915214947,
      "ci_upper": 0.8499610108478506
    },
    "brier_score": 0.23162504314793422,
    "ece": 0.2883410507982428
  },
  "n_train_patients": 31,
  "n_val_patients": 10,
  "n_test_patients": 11,
  "n_train_spectra": 1006,
  "n_val_spectra": 461,
  "n_test_spectra": 503
}