{
  "exp_id": "B6",
  "split_seed": 4,
  "best_epoch": 6,
  "best_val_score": 0.75,
  "temperature": 0.5077399015426636,
  "threshold": 0.41999999999999993,
  "threshold_result": {
    "threshold": 0.41999999999999993,
    "sensitivity": 0.6666666666666666,
    "specificity": 1.0,
    "balanced_accuracy": 0.8333333333333333,
    "youden": 0.6666666666666665,
    "accuracy": 0.8
  },
  "test_metrics": {
    "roc_auc": 1.0,
    "accuracy": 0.7272727272727273,
    "balanced_accuracy": 0.7857142857142857,
    "sensitivity": {
      "value": 0.5714285714285714,
      "ci_lower": 0.2504583645276572,
      "ci_upper": 0.8417801447485302
    },
    "specificity": {
      "value": 1.0,
      "ci_lower": 0.5101091635454027,
      "ci_upper": 1.0
    },
    "brier_score": 0.20432938850390248,
    "ece": 0.27964074503291736
  },
  "n_train_patients": 31,
  "n_val_patients": 10,
  "n_test_patients": 11,
  "n_train_spectra": 1215,
  "n_val_spectra": 350,
  "n_test_spectra": 405
}