{
  "exp_id": "B6",
  "split_seed": 18,
  "best_epoch": 23,
  "best_val_score": 1.0,
  "temperature": 0.04999999701976776,
  "threshold": 0.4699999999999999,
  "threshold_result": {
    "threshold": 0.4699999999999999,
    "sensitivity": 1.0,
    "specificity": 1.0,
    "balanced_accuracy": 1.0,
    "youden": 1.0,
    "accuracy": 1.0
  },
  "test_metrics": {
    "roc_auc": 1.0,
    "accuracy": 1.0,
    "balanced_accuracy": 1.0,
    "sensitivity": {
      "value": 1.0,
      "ci_lower": 0.6456695649333126,
      "ci_upper": 1.0
    },
    "specificity": {
      "value": 1.0,
      "ci_lower": 0.5101091635454027,
      "ci_upper": 1.0
    },
    "brier_score": 0.054628185821396495,
    "ece": 0.1793354021131315
  },
  "n_train_patients": 31,
  "n_val_patients": 10,
  "n_test_patients": 11,
  "n_train_spectra": 1009,
  "n_val_spectra": 373,
  "n_test_spectra": 588
}