{
  "exp_id": "B6",
  "split_seed": 9,
  "best_epoch": 28,
  "best_val_score": 1.0,
  "temperature": 0.07742752134799957,
  "threshold": 0.05,
  "threshold_result": {
    "threshold": 0.05,
    "sensitivity": 1.0,
    "specificity": 1.0,
    "balanced_accuracy": 1.0,
    "youden": 1.0,
    "accuracy": 1.0
  },
  "test_metrics": {
    "roc_auc": 0.75,
    "accuracy": 0.7272727272727273,
    "balanced_accuracy": 0.6785714285714286,
    "sensitivity": {
      "value": 0.8571428571428571,
      "ci_lower": 0.4868721707256811,
      "ci_upper": 0.9743203756552565
    },
    "specificity": {
      "value": 0.5,
      "ci_lower": 0.15003898915214947,
      "ci_upper": 0.8499610108478506
    },
    "brier_score": 0.24376912984439916,
    "ece": 0.3344010302627628
  },
  "n_train_patients": 31,
  "n_val_patients": 10,
  "n_test_patients": 11,
  "n_train_spectra": 1152,
  "n_val_spectra": 428,
  "n_test_spectra": 390
}