{
  "exp_id": "B6",
  "split_seed": 8,
  "best_epoch": 23,
  "best_val_score": 1.0,
  "temperature": 0.7369011640548706,
  "threshold": 0.4699999999999999,
  "threshold_result": {
    "threshold": 0.4699999999999999,
    "sensitivity": 1.0,
    "specificity": 1.0,
    "balanced_accuracy": 1.0,
    "youden": 1.0,
    "accuracy": 1.0
  },
  "test_metrics": {
    "roc_auc": 0.75,
    "accuracy": 0.7272727272727273,
    "balanced_accuracy": 0.6785714285714286,
    "sensitivity": {
      "value": 0.8571428571428571,
      "ci_lower": 0.4868721707256811,
      "ci_upper": 0.9743203756552565
    },
    "specificity": {
      "value": 0.5,
      "ci_lower": 0.15003898915214947,
      "ci_upper": 0.8499610108478506
    },
    "brier_score": 0.2217458692416286,
    "ece": 0.19175665216012433
  },
  "n_train_patients": 31,
  "n_val_patients": 10,
  "n_test_patients": 11,
  "n_train_spectra": 1089,
  "n_val_spectra": 430,
  "n_test_spectra": 451
}