{
  "experiment_id": "exp_003_dual_view",
  "test_status": "legacy_observed_holdout",
  "leakage_audit": {
    "development_test_overlap": 0,
    "oof_unique_patients": 41
  },
  "oof": {
    "patient_ids": [
      3,
      8,
      12,
      16,
      17,
      31,
      40,
      42,
      44,
      0,
      6,
      10,
      24,
      30,
      33,
      39,
      48,
      5,
      7,
      13,
      25,
      28,
      38,
      45,
      49,
      2,
      4,
      15,
      21,
      29,
      36,
      47,
      50,
      9,
      18,
      22,
      23,
      32,
      34,
      43,
      46
    ],
    "labels": [
      1,
      1,
      1,
      1,
      1,
      0,
      0,
      0,
      0,
      1,
      1,
      1,
      1,
      1,
      0,
      0,
      0,
      1,
      1,
      1,
      1,
      1,
      0,
      0,
      0,
      1,
      1,
      1,
      1,
      1,
      0,
      0,
      0,
      1,
      1,
      1,
      1,
      0,
      0,
      0,
      0
    ],
    "raw_probability": [
      0.9967703476548195,
      0.9907985001802444,
      0.997137875854969,
      0.9968238458037376,
      0.9968208909034729,
      0.003495236224262044,
      0.0239168161933776,
      0.0024607809726148845,
      0.005301628541201353,
      0.936763097345829,
      0.937586073577404,
      0.9402392730116844,
      0.2971515206620097,
      0.7631078079342842,
      0.49075703099370005,
      0.05941384411416948,
      0.1423744109692052,
      0.6454962320625782,
      0.8046023413538933,
      0.767169077694416,
      0.5057390788570046,
      0.3697118738666177,
      0.5417896519415081,
      0.5396750033309218,
      0.4689905225299299,
      0.9947985902428627,
      0.9871484711766243,
      0.9916892439126969,
      0.5739347973838449,
      0.8696969859302044,
      0.22993331018369645,
      0.005261400504969061,
      0.15977988984668628,
      0.988250470161438,
      0.9953311115503312,
      0.9599752604961396,
      0.9528208985924721,
      0.0028228154915268533,
      0.0011801306129200384,
      0.003975929757871199,
      0.02581478656793479
    ],
    "calibrated_probability": [
      0.9999478611252532,
      0.999680990609578,
      0.9999576721655792,
      0.9999493426901412,
      0.9999492613288178,
      5.975890913233006e-05,
      0.0016907655611562498,
      3.2617081297399954e-05,
      0.00012274576256256046,
      0.990409961806745,
      0.9906356911767243,
      0.9913459511192418,
      0.18526352196322407,
      0.8821039382160913,
      0.48410200360531597,
      0.00856315939616462,
      0.04354980185973423,
      0.7371160414789814,
      0.9194496486169926,
      0.8860878213168497,
      0.5098726253116304,
      0.2854167119199428,
      0.5715679096766021,
      0.567976903707144,
      0.44678523583448176,
      0.9998812389714642,
      0.999429738049057,
      0.9997326488916543,
      0.625403019097142,
      0.9632364757050814,
      0.11111335016862693,
      0.00012113957393711246,
      0.05439132190965343,
      0.999512141083828,
      0.9999014666161152,
      0.9957913494295249,
      0.9943509441928066,
      4.132990316185885e-05,
      9.19274632387732e-06,
      7.465066110170928e-05,
      0.0019341444288942507
    ],
    "ensemble_epistemic_uncertainty": [
      7.669770783502727e-07,
      3.511386582672138e-05,
      1.454803973763852e-06,
      1.7102398841428722e-06,
      3.244034762071025e-06,
      1.6864043801493354e-06,
      0.0012962620864315703,
      1.5964947632218441e-06,
      1.7743392711343987e-05,
      0.002476156694259859,
      0.002405302599716488,
      0.002390255060387525,
      0.016671929877416235,
      0.02971249618849513,
      0.007928325716849946,
      0.0018700829049622778,
      0.016440567592579954,
      0.04091600090021803,
      0.01821588672302142,
      0.02096449810787312,
      0.05886955009750004,
      0.02570626855424865,
      0.075396018151592,
      0.08056929945949859,
      0.05250153906337655,
      2.8043589371864466e-05,
      0.0003976160967664955,
      0.00011805678664015052,
      0.08028559297491979,
      0.05242872932507331,
      0.06308675524056816,
      2.8149036621140003e-05,
      0.03316194914192359,
      0.0001559925057607581,
      7.478005280550094e-06,
      0.001437648822294304,
      0.003531409655028992,
      1.1606030930623982e-05,
      2.7789093516021407e-07,
      1.6470936226755233e-05,
      0.000355642216140801
    ],
    "temperature": 0.5812623068418732,
    "threshold_result": {
      "threshold": 0.58,
      "sensitivity": 0.875,
      "specificity": 1.0,
      "balanced_accuracy": 0.9375,
      "youden": 0.875,
      "accuracy": 0.926829268292683
    },
    "metrics": {
      "roc_auc": 0.9754901960784312,
      "accuracy": 0.926829268292683,
      "balanced_accuracy": 0.9375,
      "brier_score": 0.06730832759457012,
      "ece": 0.10085923215094711,
      "sensitivity": 0.875,
      "specificity": 1.0
    },
    "epistemic_error_detection_auc": 0.7894736842105263,
    "selected_final_epochs": {
      "0": 10,
      "1": 22,
      "2": 19,
      "3": 12,
      "4": 8
    },
    "locked_test_patient_ids": [
      1,
      11,
      14,
      19,
      20,
      26,
      27,
      35,
      37,
      41,
      51
    ],
    "fold_matrix": [
      {
        "fold": 0,
        "n_val": 9,
        "raw_auc": 1.0,
        "mean_best_epoch": 30.6,
        "member_auc_mean": 1.0,
        "member_auc_std": 0.0
      },
      {
        "fold": 1,
        "n_val": 8,
        "raw_auc": 0.9333333333333333,
        "mean_best_epoch": 6.8,
        "member_auc_mean": 0.9333333333333333,
        "member_auc_std": 0.0
      },
      {
        "fold": 2,
        "n_val": 8,
        "raw_auc": 0.6666666666666667,
        "mean_best_epoch": 9.4,
        "member_auc_mean": 0.5733333333333334,
        "member_auc_std": 0.23851391759997756
      },
      {
        "fold": 3,
        "n_val": 8,
        "raw_auc": 1.0,
        "mean_best_epoch": 16.4,
        "member_auc_mean": 0.9733333333333334,
        "member_auc_std": 0.036514837167011066
      },
      {
        "fold": 4,
        "n_val": 8,
        "raw_auc": 1.0,
        "mean_best_epoch": 18.8,
        "member_auc_mean": 1.0,
        "member_auc_std": 0.0
      }
    ]
  },
  "test": {
    "patient_ids": [
      1,
      11,
      14,
      19,
      20,
      26,
      27,
      35,
      37,
      41,
      51
    ],
    "labels": [
      1,
      1,
      1,
      1,
      1,
      1,
      1,
      0,
      0,
      0,
      0
    ],
    "probability": [
      0.9997159337641486,
      0.9997078055716344,
      0.9943054450070503,
      0.9976610007320914,
      0.8482807315873794,
      0.9991774506231954,
      0.0002943711644705314,
      0.0005060365396280232,
      0.39522112080793703,
      0.26303369573775853,
      0.8829863211178104
    ],
    "predicted_label": [
      1,
      1,
      1,
      1,
      1,
      1,
      0,
      0,
      0,
      0,
      1
    ],
    "metrics": {
      "roc_auc": 0.8214285714285714,
      "accuracy": 0.8181818181818182,
      "balanced_accuracy": 0.8035714285714286,
      "brier_score": 0.18432003464056573,
      "ece": 0.21801398416806061,
      "sensitivity": 0.8571428571428571,
      "specificity": 0.75
    },
    "uncertainty_error_detection_auc": {
      "ensemble_epistemic": 0.5555555555555556,
      "sampling": 0.33333333333333337,
      "aleatoric": 0.3888888888888889,
      "mc_dropout_epistemic": 0.4444444444444444
    }
  }
}