{
  "exp_id": "B4",
  "split_seed": 16,
  "best_epoch": 9,
  "best_val_score": 0.7916666666666667,
  "temperature": 0.9398151636123657,
  "threshold": 0.49999999999999994,
  "threshold_result": {
    "threshold": 0.49999999999999994,
    "sensitivity": 0.8333333333333334,
    "specificity": 0.75,
    "balanced_accuracy": 0.7916666666666667,
    "youden": 0.5833333333333335,
    "accuracy": 0.8
  },
  "test_metrics": {
    "roc_auc": 0.6071428571428571,
    "accuracy": 0.6363636363636364,
    "balanced_accuracy": 0.6071428571428572,
    "sensitivity": {
      "value": 0.7142857142857143,
      "ci_lower": 0.35893445183261935,
      "ci_upper": 0.9177810759959433
    },
    "specificity": {
      "value": 0.5,
      "ci_lower": 0.15003898915214947,
      "ci_upper": 0.8499610108478506
    },
    "brier_score": 0.23926821965604558,
    "ece": 0.23754497007890182
  },
  "n_train_patients": 31,
  "n_val_patients": 10,
  "n_test_patients": 11,
  "n_train_spectra": 1024,
  "n_val_spectra": 436,
  "n_test_spectra": 510
}