{
  "exp_id": "B4",
  "split_seed": 8,
  "best_epoch": 22,
  "best_val_score": 1.0,
  "temperature": 0.7922714948654175,
  "threshold": 0.4599999999999999,
  "threshold_result": {
    "threshold": 0.4599999999999999,
    "sensitivity": 1.0,
    "specificity": 1.0,
    "balanced_accuracy": 1.0,
    "youden": 1.0,
    "accuracy": 1.0
  },
  "test_metrics": {
    "roc_auc": 0.6071428571428571,
    "accuracy": 0.6363636363636364,
    "balanced_accuracy": 0.5535714285714286,
    "sensitivity": {
      "value": 0.8571428571428571,
      "ci_lower": 0.4868721707256811,
      "ci_upper": 0.9743203756552565
    },
    "specificity": {
      "value": 0.25,
      "ci_lower": 0.04558726080970055,
      "ci_upper": 0.6993581574175981
    },
    "brier_score": 0.24091386728868205,
    "ece": 0.22185501998121088
  },
  "n_train_patients": 31,
  "n_val_patients": 10,
  "n_test_patients": 11,
  "n_train_spectra": 1089,
  "n_val_spectra": 430,
  "n_test_spectra": 451
}