{
  "exp_id": "B3",
  "split_seed": 10,
  "best_epoch": 3,
  "best_val_score": 0.75,
  "temperature": 0.9485912322998047,
  "threshold": 0.49999999999999994,
  "threshold_result": {
    "threshold": 0.49999999999999994,
    "sensitivity": 1.0,
    "specificity": 0.5,
    "balanced_accuracy": 0.75,
    "youden": 0.5,
    "accuracy": 0.8
  },
  "test_metrics": {
    "roc_auc": 0.6428571428571428,
    "accuracy": 0.7272727272727273,
    "balanced_accuracy": 0.6785714285714286,
    "sensitivity": {
      "value": 0.8571428571428571,
      "ci_lower": 0.4868721707256811,
      "ci_upper": 0.9743203756552565
    },
    "specificity": {
      "value": 0.5,
      "ci_lower": 0.15003898915214947,
      "ci_upper": 0.8499610108478506
    },
    "brier_score": 0.24250155687332153,
    "ece": 0.20997407219626688
  },
  "n_train_patients": 31,
  "n_val_patients": 10,
  "n_test_patients": 11,
  "n_train_spectra": 1131,
  "n_val_spectra": 423,
  "n_test_spectra": 416
}