{
  "exp_id": "B3",
  "split_seed": 11,
  "best_epoch": 2,
  "best_val_score": 0.5,
  "temperature": 0.9698143601417542,
  "threshold": 0.5399999999999999,
  "threshold_result": {
    "threshold": 0.5399999999999999,
    "sensitivity": 1.0,
    "specificity": 0.25,
    "balanced_accuracy": 0.625,
    "youden": 0.25,
    "accuracy": 0.7
  },
  "test_metrics": {
    "roc_auc": 0.8571428571428571,
    "accuracy": 0.6363636363636364,
    "balanced_accuracy": 0.5,
    "sensitivity": {
      "value": 1.0,
      "ci_lower": 0.6456695649333126,
      "ci_upper": 1.0
    },
    "specificity": {
      "value": 0.0,
      "ci_lower": 0.0,
      "ci_upper": 0.4898908364545973
    },
    "brier_score": 0.22904571890830994,
    "ece": 0.0791915167461742
  },
  "n_train_patients": 31,
  "n_val_patients": 10,
  "n_test_patients": 11,
  "n_train_spectra": 1152,
  "n_val_spectra": 389,
  "n_test_spectra": 429
}