{
  "exp_id": "B3",
  "split_seed": 9,
  "best_epoch": 11,
  "best_val_score": 0.875,
  "temperature": 0.6487617492675781,
  "threshold": 0.48999999999999994,
  "threshold_result": {
    "threshold": 0.48999999999999994,
    "sensitivity": 1.0,
    "specificity": 0.75,
    "balanced_accuracy": 0.875,
    "youden": 0.75,
    "accuracy": 0.9
  },
  "test_metrics": {
    "roc_auc": 0.6785714285714286,
    "accuracy": 0.45454545454545453,
    "balanced_accuracy": 0.4107142857142857,
    "sensitivity": {
      "value": 0.5714285714285714,
      "ci_lower": 0.2504583645276572,
      "ci_upper": 0.8417801447485302
    },
    "specificity": {
      "value": 0.25,
      "ci_lower": 0.04558726080970055,
      "ci_upper": 0.6993581574175981
    },
    "brier_score": 0.22456465661525726,
    "ece": 0.37666706469925965
  },
  "n_train_patients": 31,
  "n_val_patients": 10,
  "n_test_patients": 11,
  "n_train_spectra": 1152,
  "n_val_spectra": 428,
  "n_test_spectra": 390
}