{
  "experiment_id": "exp_001_ensemble",
  "test_status": "legacy_observed_holdout",
  "leakage_audit": {
    "development_test_overlap": 0,
    "oof_unique_patients": 41
  },
  "oof": {
    "patient_ids": [
      3,
      8,
      12,
      16,
      17,
      31,
      40,
      42,
      44,
      0,
      6,
      10,
      24,
      30,
      33,
      39,
      48,
      5,
      7,
      13,
      25,
      28,
      38,
      45,
      49,
      2,
      4,
      15,
      21,
      29,
      36,
      47,
      50,
      9,
      18,
      22,
      23,
      32,
      34,
      43,
      46
    ],
    "labels": [
      1,
      1,
      1,
      1,
      1,
      0,
      0,
      0,
      0,
      1,
      1,
      1,
      1,
      1,
      0,
      0,
      0,
      1,
      1,
      1,
      1,
      1,
      0,
      0,
      0,
      1,
      1,
      1,
      1,
      1,
      0,
      0,
      0,
      1,
      1,
      1,
      1,
      0,
      0,
      0,
      0
    ],
    "raw_probability": [
      0.9396990001201629,
      0.8605033934116364,
      0.9963984832167625,
      0.9965520918369293,
      0.9512468412518501,
      0.09273690060363152,
      0.04734109878190793,
      0.05274971459293738,
      0.3389435333199799,
      0.8842599228024483,
      0.881961427628994,
      0.8845122292637825,
      0.6279076784849167,
      0.6690719403326512,
      0.6656809762120247,
      0.14507377970730886,
      0.1866302077425644,
      0.6937525235116482,
      0.9614572063088417,
      0.922285059094429,
      0.5494349713437259,
      0.678519607335329,
      0.48460195418447255,
      0.10984613494656514,
      0.22512249723076821,
      0.915785837173462,
      0.8286169469356537,
      0.9178482577204704,
      0.7820351883769036,
      0.34062711223959924,
      0.31679859198629856,
      0.06969065805897116,
      0.5623897027224303,
      0.9874787494540215,
      0.9833902552723884,
      0.9440414860844613,
      0.996078933775425,
      0.002860756908194162,
      0.004623658244963735,
      0.004154409695183858,
      0.08116696539800614
    ],
    "calibrated_probability": [
      0.9979999905852216,
      0.9839537389795252,
      0.9999970096954953,
      0.9999972914282147,
      0.9987962840398511,
      0.005712186433967114,
      0.0011226016843853615,
      0.0014519797686951864,
      0.18076213144703193,
      0.99004876775663,
      0.9895400225921829,
      0.99010361590476,
      0.7656164024863245,
      0.83098145349566,
      0.8260721514023667,
      0.01776311936317846,
      0.03455113962958263,
      0.864113816628751,
      0.9993091658114324,
      0.9963023622265244,
      0.6103544194015121,
      0.8442036997362922,
      0.4652111344350818,
      0.008720449328694506,
      0.05752602164276636,
      0.995497747009295,
      0.9724810028529451,
      0.995763812652137,
      0.9473582239351973,
      0.1832899809282665,
      0.14949234027964786,
      0.002836068930893375,
      0.6381909313303765,
      0.9999488588182468,
      0.999902177519977,
      0.998328076707803,
      0.9999963729838468,
      1.7731732486819447e-06,
      5.274447877374141e-06,
      4.135932467829915e-06,
      0.004112699887225735
    ],
    "ensemble_epistemic_uncertainty": [
      0.004438836371392783,
      0.02460421930155953,
      3.995266528447061e-06,
      1.3101872065415242e-05,
      0.004191382007618625,
      0.024071092483536092,
      0.007479181062327906,
      0.009562208205617394,
      0.1706678085813344,
      0.011888683326809599,
      0.012432606504925992,
      0.012296311052439121,
      0.08759024671576739,
      0.0355830729931047,
      0.02716886741015735,
      0.01753825373357538,
      0.023622360798801846,
      0.060340731741491196,
      0.0017895279262396843,
      0.008526780603658576,
      0.09331779792775036,
      0.04090182018391102,
      0.06418494177499777,
      0.04418017242894806,
      0.0248610033872083,
      0.0031083227887133713,
      0.011353809670299263,
      0.0026244648539014517,
      0.016899803325557877,
      0.008893812362721455,
      0.008784156541685791,
      0.009365234742591374,
      0.08180183135698715,
      5.568871745592396e-05,
      0.0001477563279820382,
      0.0013005463873684642,
      9.979218303834971e-07,
      1.2719518570771025e-06,
      3.6228165644855233e-06,
      2.853332588017125e-06,
      0.004074984968190751
    ],
    "temperature": 0.4420388108764713,
    "threshold_result": {
      "threshold": 0.4699999999999999,
      "sensitivity": 0.9583333333333334,
      "specificity": 0.8823529411764706,
      "balanced_accuracy": 0.920343137254902,
      "youden": 0.840686274509804,
      "accuracy": 0.926829268292683
    },
    "metrics": {
      "roc_auc": 0.9852941176470588,
      "accuracy": 0.926829268292683,
      "balanced_accuracy": 0.920343137254902,
      "brier_score": 0.05647109937236343,
      "ece": 0.05069389463445034,
      "sensitivity": 0.9583333333333334,
      "specificity": 0.8823529411764706
    },
    "epistemic_error_detection_auc": 0.7280701754385965,
    "selected_final_epochs": {
      "0": 28,
      "1": 38,
      "2": 19,
      "3": 18,
      "4": 37
    },
    "locked_test_patient_ids": [
      1,
      11,
      14,
      19,
      20,
      26,
      27,
      35,
      37,
      41,
      51
    ],
    "fold_matrix": [
      {
        "fold": 0,
        "n_val": 9,
        "raw_auc": 1.0,
        "mean_best_epoch": 33.4,
        "member_auc_mean": 0.96,
        "member_auc_std": 0.06519202405202651
      },
      {
        "fold": 1,
        "n_val": 8,
        "raw_auc": 0.9333333333333333,
        "mean_best_epoch": 18.8,
        "member_auc_mean": 0.9066666666666666,
        "member_auc_std": 0.059628479399994376
      },
      {
        "fold": 2,
        "n_val": 8,
        "raw_auc": 1.0,
        "mean_best_epoch": 32.8,
        "member_auc_mean": 0.8666666666666666,
        "member_auc_std": 0.16996731711975946
      },
      {
        "fold": 3,
        "n_val": 8,
        "raw_auc": 0.9333333333333333,
        "mean_best_epoch": 13.2,
        "member_auc_mean": 0.8800000000000001,
        "member_auc_std": 0.09888264649460882
      },
      {
        "fold": 4,
        "n_val": 8,
        "raw_auc": 1.0,
        "mean_best_epoch": 46.0,
        "member_auc_mean": 1.0,
        "member_auc_std": 0.0
      }
    ]
  },
  "test": {
    "patient_ids": [
      1,
      11,
      14,
      19,
      20,
      26,
      27,
      35,
      37,
      41,
      51
    ],
    "labels": [
      1,
      1,
      1,
      1,
      1,
      1,
      1,
      0,
      0,
      0,
      0
    ],
    "probability": [
      0.9999495491263245,
      0.9998717782136881,
      0.9966479193828273,
      0.9980046201608154,
      0.9961147192008132,
      0.9941952685617153,
      4.298560125992329e-05,
      5.6668040784883466e-05,
      0.0013383504150607523,
      0.2138000998175001,
      0.9990871781425047
    ],
    "predicted_label": [
      1,
      1,
      1,
      1,
      1,
      1,
      0,
      0,
      0,
      0,
      1
    ],
    "metrics": {
      "roc_auc": 0.7142857142857142,
      "accuracy": 0.8181818181818182,
      "balanced_accuracy": 0.8035714285714286,
      "brier_score": 0.1858059567758465,
      "ece": 0.1996575571408258,
      "sensitivity": 0.8571428571428571,
      "specificity": 0.75
    },
    "uncertainty_error_detection_auc": {
      "ensemble_epistemic": 0.16666666666666669,
      "sampling": 0.3888888888888889,
      "aleatoric": 0.2777777777777778,
      "mc_dropout_epistemic": 0.16666666666666669
    }
  }
}