{
  "B3": {
    "n_splits": 19,
    "roc_auc": {
      "mean": 0.8364661654135338,
      "std": 0.1549064295293638,
      "min": 0.5357142857142857,
      "max": 1.0
    },
    "accuracy": {
      "mean": 0.7129186602870812,
      "std": 0.15529573639852448,
      "min": 0.45454545454545453,
      "max": 0.9090909090909091
    },
    "balanced_accuracy": {
      "mean": 0.6898496240601505,
      "std": 0.16139741568769667,
      "min": 0.4107142857142857,
      "max": 0.9285714285714286
    },
    "brier_score": {
      "mean": 0.17400358666322732,
      "std": 0.0678213130305861,
      "min": 0.028586657717823982,
      "max": 0.2549249827861786
    },
    "ece": {
      "mean": 0.17108002953837365,
      "std": 0.1030411995842631,
      "min": 0.007219981063495973,
      "max": 0.32789787379178137
    },
    "sensitivity_mean": 0.7744360902255638,
    "sensitivity_std": 0.22993536247255164,
    "specificity_mean": 0.6052631578947368,
    "specificity_std": 0.30409005283619217,
    "threshold_mean": 0.5026315789473683,
    "threshold_std": 0.21488607072542618,
    "temperature_mean": 1.1214197481933392,
    "temperature_std": 0.6007711656885175
  }
}