exp_id,n_splits,roc_auc_mean,roc_auc_std,accuracy_mean,accuracy_std,balanced_accuracy_mean,balanced_accuracy_std,brier_score_mean,brier_score_std,ece_mean,ece_std,sensitivity_mean,sensitivity_std,specificity_mean,specificity_std
B3,19,0.8364661654135338,0.1549064295293638,0.7129186602870812,0.15529573639852448,0.6898496240601505,0.16139741568769667,0.17400358666322732,0.0678213130305861,0.17108002953837365,0.1030411995842631,0.7744360902255638,0.22993536247255164,0.6052631578947368,0.30409005283619217
