{
  "B0": {
    "n_splits": 20,
    "roc_auc": {
      "mean": 0.8446428571428571,
      "std": 0.15514580301555211,
      "min": 0.5357142857142857,
      "max": 1.0
    },
    "accuracy": {
      "mean": 0.75,
      "std": 0.12814126067791465,
      "min": 0.5454545454545454,
      "max": 1.0
    },
    "balanced_accuracy": {
      "mean": 0.7044642857142858,
      "std": 0.1722056128395585,
      "min": 0.5,
      "max": 1.0
    },
    "brier_score": {
      "mean": 0.16982728699222208,
      "std": 0.06860370981968376,
      "min": 0.028586657717823982,
      "max": 0.2549249827861786
    },
    "ece": {
      "mean": 0.17352103853428907,
      "std": 0.10088530175158117,
      "min": 0.007219981063495973,
      "max": 0.32789787379178137
    },
    "sensitivity_mean": 0.8714285714285713,
    "sensitivity_std": 0.20676008191025652,
    "specificity_mean": 0.5375,
    "specificity_std": 0.4313000543033878,
    "threshold_mean": 0.5,
    "threshold_std": 0.0,
    "temperature_mean": 1.0951198503375053,
    "temperature_std": 0.5964592032528601
  },
  "B1": {
    "n_splits": 20,
    "roc_auc": {
      "mean": 0.8732142857142857,
      "std": 0.18556782831192448,
      "min": 0.2857142857142857,
      "max": 1.0
    },
    "accuracy": {
      "mean": 0.7681818181818182,
      "std": 0.17317996583168402,
      "min": 0.45454545454545453,
      "max": 1.0
    },
    "balanced_accuracy": {
      "mean": 0.7535714285714286,
      "std": 0.17749676628270253,
      "min": 0.42857142857142855,
      "max": 1.0
    },
    "brier_score": {
      "mean": 0.14805389977991582,
      "std": 0.08933750023027373,
      "min": 0.04684101417660713,
      "max": 0.33782580494880676
    },
    "ece": {
      "mean": 0.21406239401033172,
      "std": 0.07838815559343104,
      "min": 0.09732556343078613,
      "max": 0.36772698130119935
    },
    "sensitivity_mean": 0.8071428571428573,
    "sensitivity_std": 0.22835986449491838,
    "specificity_mean": 0.7,
    "specificity_std": 0.2879144609812179,
    "threshold_mean": 0.43649999999999994,
    "threshold_std": 0.11966070453798236,
    "temperature_mean": 0.6438383396714926,
    "temperature_std": 0.5373837270533525
  },
  "B2": {
    "n_splits": 20,
    "roc_auc": {
      "mean": 0.8553571428571427,
      "std": 0.19370982484273097,
      "min": 0.2857142857142857,
      "max": 1.0
    },
    "accuracy": {
      "mean": 0.7772727272727273,
      "std": 0.14591732600588642,
      "min": 0.5454545454545454,
      "max": 1.0
    },
    "balanced_accuracy": {
      "mean": 0.7473214285714286,
      "std": 0.17228356259332933,
      "min": 0.42857142857142855,
      "max": 1.0
    },
    "brier_score": {
      "mean": 0.14899094831198453,
      "std": 0.0811607353740197,
      "min": 0.042320385575294495,
      "max": 0.2883029878139496
    },
    "ece": {
      "mean": 0.2046819392032128,
      "std": 0.06851975103547987,
      "min": 0.09732556343078613,
      "max": 0.36772698130119935
    },
    "sensitivity_mean": 0.8571428571428571,
    "sensitivity_std": 0.17342199390482402,
    "specificity_mean": 0.6375,
    "specificity_std": 0.3390679950439998,
    "threshold_mean": 0.42749999999999994,
    "threshold_std": 0.11082822175259378,
    "temperature_mean": 0.6765625771135092,
    "temperature_std": 0.4798649201728167
  },
  "B3": {
    "n_splits": 20,
    "roc_auc": {
      "mean": 0.8446428571428571,
      "std": 0.15514580301555211,
      "min": 0.5357142857142857,
      "max": 1.0
    },
    "accuracy": {
      "mean": 0.7272727272727272,
      "std": 0.16422011771990921,
      "min": 0.45454545454545453,
      "max": 1.0
    },
    "balanced_accuracy": {
      "mean": 0.7053571428571429,
      "std": 0.17172006858514594,
      "min": 0.4107142857142857,
      "max": 1.0
    },
    "brier_score": {
      "mean": 0.16982728699222208,
      "std": 0.06860370981968376,
      "min": 0.028586657717823982,
      "max": 0.2549249827861786
    },
    "ece": {
      "mean": 0.17352103853428907,
      "std": 0.10088530175158117,
      "min": 0.007219981063495973,
      "max": 0.32789787379178137
    },
    "sensitivity_mean": 0.7857142857142858,
    "sensitivity_std": 0.22941573387056177,
    "specificity_mean": 0.625,
    "specificity_std": 0.3088603840606711,
    "threshold_mean": 0.51,
    "threshold_std": 0.21173468999521172,
    "temperature_mean": 1.0951198503375053,
    "temperature_std": 0.5964592032528601
  },
  "B4": {
    "n_splits": 20,
    "roc_auc": {
      "mean": 0.8714285714285713,
      "std": 0.14163006835444153,
      "min": 0.6071428571428571,
      "max": 1.0
    },
    "accuracy": {
      "mean": 0.7954545454545453,
      "std": 0.12116227045072342,
      "min": 0.6363636363636364,
      "max": 1.0
    },
    "balanced_accuracy": {
      "mean": 0.7642857142857143,
      "std": 0.14163006835444153,
      "min": 0.5,
      "max": 1.0
    },
    "brier_score": {
      "mean": 0.15431224707383664,
      "std": 0.07238525346004901,
      "min": 0.04030068214936681,
      "max": 0.27185246868095014
    },
    "ece": {
      "mean": 0.2244026793092912,
      "std": 0.06317666848873617,
      "min": 0.12625149434263055,
      "max": 0.3608609925616872
    },
    "sensitivity_mean": 0.8785714285714287,
    "sensitivity_std": 0.15563183303665792,
    "specificity_mean": 0.65,
    "specificity_std": 0.28562028528873973,
    "threshold_mean": 0.43,
    "threshold_std": 0.09113321654531202,
    "temperature_mean": 0.6178690820932389,
    "temperature_std": 0.4863166430055387
  },
  "B5": {
    "n_splits": 20,
    "roc_auc": {
      "mean": 0.8732142857142857,
      "std": 0.13879322997694402,
      "min": 0.5714285714285714,
      "max": 1.0
    },
    "accuracy": {
      "mean": 0.7772727272727271,
      "std": 0.14886843010653283,
      "min": 0.5454545454545454,
      "max": 1.0
    },
    "balanced_accuracy": {
      "mean": 0.7526785714285715,
      "std": 0.16276624474885923,
      "min": 0.48214285714285715,
      "max": 1.0
    },
    "brier_score": {
      "mean": 0.15914395166706288,
      "std": 0.08757216040150961,
      "min": 0.023741422457483594,
      "max": 0.33299506211454016
    },
    "ece": {
      "mean": 0.2015912986151472,
      "std": 0.09747358574364154,
      "min": 0.06334069168025797,
      "max": 0.37397955019365664
    },
    "sensitivity_mean": 0.8428571428571429,
    "sensitivity_std": 0.19053883681581432,
    "specificity_mean": 0.6625,
    "specificity_std": 0.2955258471196546,
    "threshold_mean": 0.3529999999999999,
    "threshold_std": 0.15420765220960986,
    "temperature_mean": 0.5729402650147677,
    "temperature_std": 0.44016986120947366
  },
  "B6": {
    "n_splits": 20,
    "roc_auc": {
      "mean": 0.875,
      "std": 0.14402716356759793,
      "min": 0.46428571428571425,
      "max": 1.0
    },
    "accuracy": {
      "mean": 0.7818181818181817,
      "std": 0.13959489017271173,
      "min": 0.45454545454545453,
      "max": 1.0
    },
    "balanced_accuracy": {
      "mean": 0.7589285714285715,
      "std": 0.15615934534494147,
      "min": 0.35714285714285715,
      "max": 1.0
    },
    "brier_score": {
      "mean": 0.15398212041022474,
      "std": 0.08020144086667487,
      "min": 0.025870930403470993,
      "max": 0.28839216350077646
    },
    "ece": {
      "mean": 0.21857794458152385,
      "std": 0.08250487474905088,
      "min": 0.10978868214244193,
      "max": 0.37299356677315454
    },
    "sensitivity_mean": 0.8428571428571429,
    "sensitivity_std": 0.16646962932190837,
    "specificity_mean": 0.675,
    "specificity_std": 0.28214404682341737,
    "threshold_mean": 0.3889999999999999,
    "threshold_std": 0.12100021748566793,
    "temperature_mean": 0.558869456127286,
    "temperature_std": 0.41879999896687653
  },
  "B7": {
    "n_splits": 20,
    "roc_auc": {
      "mean": 0.8714285714285713,
      "std": 0.18372269301030905,
      "min": 0.17857142857142855,
      "max": 1.0
    },
    "accuracy": {
      "mean": 0.7909090909090908,