{
  "exp_id": "B1",
  "split_seed": 2,
  "best_epoch": 20,
  "best_val_score": 0.875,
  "temperature": 0.7215228080749512,
  "threshold": 0.43999999999999995,
  "threshold_result": {
    "threshold": 0.43999999999999995,
    "sensitivity": 1.0,
    "specificity": 0.75,
    "balanced_accuracy": 0.875,
    "youden": 0.75,
    "accuracy": 0.9
  },
  "test_metrics": {
    "roc_auc": 0.9642857142857143,
    "accuracy": 0.9090909090909091,
    "balanced_accuracy": 0.875,
    "sensitivity": {
      "value": 1.0,
      "ci_lower": 0.6456695649333126,
      "ci_upper": 1.0
    },
    "specificity": {
      "value": 0.75,
      "ci_lower": 0.30064184258240184,
      "ci_upper": 0.9544127391902995
    },
    "brier_score": 0.10565032809972763,
    "ece": 0.23264684731310065
  },
  "n_train_patients": 31,
  "n_val_patients": 10,
  "n_test_patients": 11,
  "n_train_spectra": 1006,
  "n_val_spectra": 461,
  "n_test_spectra": 503
}