{
  "exp_id": "B1",
  "split_seed": 10,
  "best_epoch": 14,
  "best_val_score": 0.9166666666666667,
  "temperature": 0.04999999701976776,
  "threshold": 0.4699999999999999,
  "threshold_result": {
    "threshold": 0.4699999999999999,
    "sensitivity": 0.8333333333333334,
    "specificity": 1.0,
    "balanced_accuracy": 0.9166666666666667,
    "youden": 0.8333333333333335,
    "accuracy": 0.9
  },
  "test_metrics": {
    "roc_auc": 0.7857142857142857,
    "accuracy": 0.5454545454545454,
    "balanced_accuracy": 0.5892857142857143,
    "sensitivity": {
      "value": 0.42857142857142855,
      "ci_lower": 0.15821985525146975,
      "ci_upper": 0.7495416354723428
    },
    "specificity": {
      "value": 0.75,
      "ci_lower": 0.30064184258240184,
      "ci_upper": 0.9544127391902995
    },
    "brier_score": 0.33782580494880676,
    "ece": 0.3643617392940955
  },
  "n_train_patients": 31,
  "n_val_patients": 10,
  "n_test_patients": 11,
  "n_train_spectra": 1131,
  "n_val_spectra": 423,
  "n_test_spectra": 416
}