{
  "exp_id": "B0",
  "split_seed": 16,
  "best_epoch": 1,
  "best_val_score": 0.7083333333333334,
  "temperature": 1.0845539569854736,
  "threshold": 0.5,
  "threshold_result": {
    "threshold": 0.5,
    "sensitivity": 1.0,
    "specificity": 0.0,
    "balanced_accuracy": 0.5,
    "youden": 0.0,
    "accuracy": 0.6
  },
  "test_metrics": {
    "roc_auc": 0.5714285714285714,
    "accuracy": 0.6363636363636364,
    "balanced_accuracy": 0.5,
    "sensitivity": {
      "value": 1.0,
      "ci_lower": 0.6456695649333126,
      "ci_upper": 1.0
    },
    "specificity": {
      "value": 0.0,
      "ci_lower": 0.0,
      "ci_upper": 0.4898908364545973
    },
    "brier_score": 0.23052716255187988,
    "ece": 0.018657993186603883
  },
  "n_train_patients": 31,
  "n_val_patients": 10,
  "n_test_patients": 11,
  "n_train_spectra": 1024,
  "n_val_spectra": 436,
  "n_test_spectra": 510
}