{
  "exp_id": "B0",
  "split_seed": 11,
  "best_epoch": 27,
  "best_val_score": 1.0,
  "temperature": 1.1136881113052368,
  "threshold": 0.5,
  "threshold_result": {
    "threshold": 0.5,
    "sensitivity": 0.6666666666666666,
    "specificity": 1.0,
    "balanced_accuracy": 0.8333333333333333,
    "youden": 0.6666666666666665,
    "accuracy": 0.8
  },
  "test_metrics": {
    "roc_auc": 1.0,
    "accuracy": 0.9090909090909091,
    "balanced_accuracy": 0.875,
    "sensitivity": {
      "value": 1.0,
      "ci_lower": 0.6456695649333126,
      "ci_upper": 1.0
    },
    "specificity": {
      "value": 0.75,
      "ci_lower": 0.30064184258240184,
      "ci_upper": 0.9544127391902995
    },
    "brier_score": 0.05012011528015137,
    "ece": 0.16405871510505676
  },
  "n_train_patients": 31,
  "n_val_patients": 10,
  "n_test_patients": 11,
  "n_train_spectra": 1152,
  "n_val_spectra": 389,
  "n_test_spectra": 429
}