{
  "exp_id": "B0",
  "split_seed": 19,
  "best_epoch": 14,
  "best_val_score": 1.0,
  "temperature": 0.3649846017360687,
  "threshold": 0.5,
  "threshold_result": {
    "threshold": 0.5,
    "sensitivity": 1.0,
    "specificity": 0.5,
    "balanced_accuracy": 0.75,
    "youden": 0.5,
    "accuracy": 0.8
  },
  "test_metrics": {
    "roc_auc": 0.8928571428571428,
    "accuracy": 0.8181818181818182,
    "balanced_accuracy": 0.8035714285714286,
    "sensitivity": {
      "value": 0.8571428571428571,
      "ci_lower": 0.4868721707256811,
      "ci_upper": 0.9743203756552565
    },
    "specificity": {
      "value": 0.75,
      "ci_lower": 0.30064184258240184,
      "ci_upper": 0.9544127391902995
    },
    "brier_score": 0.10546230524778366,
    "ece": 0.22836563736200333
  },
  "n_train_patients": 31,
  "n_val_patients": 10,
  "n_test_patients": 11,
  "n_train_spectra": 1195,
  "n_val_spectra": 370,
  "n_test_spectra": 405
}