{
  "exp_id": "B0",
  "split_seed": 3,
  "best_epoch": 3,
  "best_val_score": 0.875,
  "temperature": 1.3182642459869385,
  "threshold": 0.5,
  "threshold_result": {
    "threshold": 0.5,
    "sensitivity": 1.0,
    "specificity": 0.0,
    "balanced_accuracy": 0.5,
    "youden": 0.0,
    "accuracy": 0.6
  },
  "test_metrics": {
    "roc_auc": 0.6428571428571428,
    "accuracy": 0.6363636363636364,
    "balanced_accuracy": 0.5,
    "sensitivity": {
      "value": 1.0,
      "ci_lower": 0.6456695649333126,
      "ci_upper": 1.0
    },
    "specificity": {
      "value": 0.0,
      "ci_lower": 0.0,
      "ci_upper": 0.4898908364545973
    },
    "brier_score": 0.22787103056907654,
    "ece": 0.007219981063495973
  },
  "n_train_patients": 31,
  "n_val_patients": 10,
  "n_test_patients": 11,
  "n_train_spectra": 1133,
  "n_val_spectra": 437,
  "n_test_spectra": 400
}