{
  "exp_id": "B0",
  "split_seed": 18,
  "best_epoch": 14,
  "best_val_score": 1.0,
  "temperature": 0.522781252861023,
  "threshold": 0.5,
  "threshold_result": {
    "threshold": 0.5,
    "sensitivity": 1.0,
    "specificity": 0.5,
    "balanced_accuracy": 0.75,
    "youden": 0.5,
    "accuracy": 0.8
  },
  "test_metrics": {
    "roc_auc": 1.0,
    "accuracy": 0.9090909090909091,
    "balanced_accuracy": 0.875,
    "sensitivity": {
      "value": 1.0,
      "ci_lower": 0.6456695649333126,
      "ci_upper": 1.0
    },
    "specificity": {
      "value": 0.75,
      "ci_lower": 0.30064184258240184,
      "ci_upper": 0.9544127391902995
    },
    "brier_score": 0.0976223275065422,
    "ece": 0.1429039714011279
  },
  "n_train_patients": 31,
  "n_val_patients": 10,
  "n_test_patients": 11,
  "n_train_spectra": 1009,
  "n_val_spectra": 373,
  "n_test_spectra": 588
}