{
  "exp_id": "B0",
  "split_seed": 6,
  "best_epoch": 12,
  "best_val_score": 0.875,
  "temperature": 2.321133852005005,
  "threshold": 0.5,
  "threshold_result": {
    "threshold": 0.5,
    "sensitivity": 0.5,
    "specificity": 1.0,
    "balanced_accuracy": 0.75,
    "youden": 0.5,
    "accuracy": 0.7
  },
  "test_metrics": {
    "roc_auc": 0.8928571428571428,
    "accuracy": 0.5454545454545454,
    "balanced_accuracy": 0.6428571428571428,
    "sensitivity": {
      "value": 0.2857142857142857,
      "ci_lower": 0.08221892400405678,
      "ci_upper": 0.6410655481673808
    },
    "specificity": {
      "value": 1.0,
      "ci_lower": 0.5101091635454027,
      "ci_upper": 1.0
    },
    "brier_score": 0.2549249827861786,
    "ece": 0.3135541352358731
  },
  "n_train_patients": 31,
  "n_val_patients": 10,
  "n_test_patients": 11,
  "n_train_spectra": 1228,
  "n_val_spectra": 321,
  "n_test_spectra": 421
}