{
  "exp_id": "B2",
  "split_seed": 14,
  "best_epoch": 36,
  "best_val_score": 0.875,
  "temperature": 0.6404954791069031,
  "threshold": 0.3999999999999999,
  "threshold_result": {
    "threshold": 0.3999999999999999,
    "sensitivity": 1.0,
    "specificity": 0.75,
    "balanced_accuracy": 0.875,
    "youden": 0.75,
    "accuracy": 0.9
  },
  "test_metrics": {
    "roc_auc": 0.9642857142857143,
    "accuracy": 0.8181818181818182,
    "balanced_accuracy": 0.8035714285714286,
    "sensitivity": {
      "value": 0.8571428571428571,
      "ci_lower": 0.4868721707256811,
      "ci_upper": 0.9743203756552565
    },
    "specificity": {
      "value": 0.75,
      "ci_lower": 0.30064184258240184,
      "ci_upper": 0.9544127391902995
    },
    "brier_score": 0.08600790053606033,
    "ece": 0.15589953789656813
  },
  "n_train_patients": 31,
  "n_val_patients": 10,
  "n_test_patients": 11,
  "n_train_spectra": 1111,
  "n_val_spectra": 377,
  "n_test_spectra": 482
}