{
  "exp_id": "B2",
  "split_seed": 8,
  "best_epoch": 35,
  "best_val_score": 1.0,
  "temperature": -11.469025611877441,
  "threshold": 0.05,
  "threshold_result": {
    "threshold": 0.05,
    "sensitivity": 1.0,
    "specificity": 0.0,
    "balanced_accuracy": 0.5,
    "youden": 0.0,
    "accuracy": 0.6
  },
  "test_metrics": {
    "roc_auc": 0.10714285714285714,
    "accuracy": 0.6363636363636364,
    "balanced_accuracy": 0.5,
    "sensitivity": {
      "value": 1.0,
      "ci_lower": 0.6456695649333126,
      "ci_upper": 1.0
    },
    "specificity": {
      "value": 0.0,
      "ci_lower": 0.0,
      "ci_upper": 0.4898908364545973
    },
    "brier_score": 0.27988508343696594,
    "ece": 0.26017917828126386
  },
  "n_train_patients": 31,
  "n_val_patients": 10,
  "n_test_patients": 11,
  "n_train_spectra": 1089,
  "n_val_spectra": 430,
  "n_test_spectra": 451
}