{
  "exp_id": "B1",
  "split_seed": 16,
  "best_epoch": 11,
  "best_val_score": 0.625,
  "temperature": 1.3992677927017212,
  "threshold": 0.48999999999999994,
  "threshold_result": {
    "threshold": 0.48999999999999994,
    "sensitivity": 1.0,
    "specificity": 0.25,
    "balanced_accuracy": 0.625,
    "youden": 0.25,
    "accuracy": 0.7
  },
  "test_metrics": {
    "roc_auc": 0.6785714285714286,
    "accuracy": 0.6363636363636364,
    "balanced_accuracy": 0.5,
    "sensitivity": {
      "value": 1.0,
      "ci_lower": 0.6456695649333126,
      "ci_upper": 1.0
    },
    "specificity": {
      "value": 0.0,
      "ci_lower": 0.0,
      "ci_upper": 0.4898908364545973
    },
    "brier_score": 0.20859970152378082,
    "ece": 0.08781300891529431
  },
  "n_train_patients": 31,
  "n_val_patients": 10,
  "n_test_patients": 11,
  "n_train_spectra": 1024,
  "n_val_spectra": 436,
  "n_test_spectra": 510
}