{
  "exp_id": "B1",
  "split_seed": 7,
  "best_epoch": 30,
  "best_val_score": 1.0,
  "temperature": 0.6837376952171326,
  "threshold": 0.48999999999999994,
  "threshold_result": {
    "threshold": 0.48999999999999994,
    "sensitivity": 1.0,
    "specificity": 1.0,
    "balanced_accuracy": 1.0,
    "youden": 1.0,
    "accuracy": 1.0
  },
  "test_metrics": {
    "roc_auc": 0.9285714285714286,
    "accuracy": 0.8181818181818182,
    "balanced_accuracy": 0.8035714285714286,
    "sensitivity": {
      "value": 0.8571428571428571,
      "ci_lower": 0.4868721707256811,
      "ci_upper": 0.9743203756552565
    },
    "specificity": {
      "value": 0.75,
      "ci_lower": 0.30064184258240184,
      "ci_upper": 0.9544127391902995
    },
    "brier_score": 0.12400185316801071,
    "ece": 0.05137245289304039
  },
  "n_train_patients": 31,
  "n_val_patients": 10,
  "n_test_patients": 11,
  "n_train_spectra": 1169,
  "n_val_spectra": 400,
  "n_test_spectra": 401
}