{
  "exp_id": "B1",
  "split_seed": 18,
  "best_epoch": 32,
  "best_val_score": 1.0,
  "temperature": 0.5953701138496399,
  "threshold": 0.37999999999999995,
  "threshold_result": {
    "threshold": 0.37999999999999995,
    "sensitivity": 1.0,
    "specificity": 1.0,
    "balanced_accuracy": 1.0,
    "youden": 1.0,
    "accuracy": 1.0
  },
  "test_metrics": {
    "roc_auc": 1.0,
    "accuracy": 1.0,
    "balanced_accuracy": 1.0,
    "sensitivity": {
      "value": 1.0,
      "ci_lower": 0.6456695649333126,
      "ci_upper": 1.0
    },
    "specificity": {
      "value": 1.0,
      "ci_lower": 0.5101091635454027,
      "ci_upper": 1.0
    },
    "brier_score": 0.051759280264377594,
    "ece": 0.1798898323693059
  },
  "n_train_patients": 31,
  "n_val_patients": 10,
  "n_test_patients": 11,
  "n_train_spectra": 1009,
  "n_val_spectra": 373,
  "n_test_spectra": 588
}