{
  "exp_id": "B2",
  "split_seed": 13,
  "best_epoch": 22,
  "best_val_score": 0.9,
  "temperature": 0.3760395348072052,
  "threshold": 0.41999999999999993,
  "threshold_result": {
    "threshold": 0.41999999999999993,
    "sensitivity": 0.8333333333333334,
    "specificity": 1.0,
    "balanced_accuracy": 0.9166666666666667,
    "youden": 0.8333333333333335,
    "accuracy": 0.9
  },
  "test_metrics": {
    "roc_auc": 1.0,
    "accuracy": 0.9090909090909091,
    "balanced_accuracy": 0.875,
    "sensitivity": {
      "value": 1.0,
      "ci_lower": 0.6456695649333126,
      "ci_upper": 1.0
    },
    "specificity": {
      "value": 0.75,
      "ci_lower": 0.30064184258240184,
      "ci_upper": 0.9544127391902995
    },
    "brier_score": 0.05006970465183258,
    "ece": 0.14703076806935397
  },
  "n_train_patients": 31,
  "n_val_patients": 10,
  "n_test_patients": 11,
  "n_train_spectra": 1244,
  "n_val_spectra": 240,
  "n_test_spectra": 486
}