{
  "exp_id": "B2",
  "split_seed": 6,
  "best_epoch": 7,
  "best_val_score": 0.7,
  "temperature": 2.0084657669067383,
  "threshold": 0.36999999999999994,
  "threshold_result": {
    "threshold": 0.36999999999999994,
    "sensitivity": 1.0,
    "specificity": 0.25,
    "balanced_accuracy": 0.625,
    "youden": 0.25,
    "accuracy": 0.7
  },
  "test_metrics": {
    "roc_auc": 0.8214285714285714,
    "accuracy": 0.8181818181818182,
    "balanced_accuracy": 0.75,
    "sensitivity": {
      "value": 1.0,
      "ci_lower": 0.6456695649333126,
      "ci_upper": 1.0
    },
    "specificity": {
      "value": 0.5,
      "ci_lower": 0.15003898915214947,
      "ci_upper": 0.8499610108478506
    },
    "brier_score": 0.2556515634059906,
    "ece": 0.29270462556318805
  },
  "n_train_patients": 31,
  "n_val_patients": 10,
  "n_test_patients": 11,
  "n_train_spectra": 1228,
  "n_val_spectra": 321,
  "n_test_spectra": 421
}