{
  "exp_id": "B2",
  "split_seed": 9,
  "best_epoch": 6,
  "best_val_score": 0.9,
  "temperature": 0.8596351146697998,
  "threshold": 0.49999999999999994,
  "threshold_result": {
    "threshold": 0.49999999999999994,
    "sensitivity": 0.8333333333333334,
    "specificity": 1.0,
    "balanced_accuracy": 0.9166666666666667,
    "youden": 0.8333333333333335,
    "accuracy": 0.9
  },
  "test_metrics": {
    "roc_auc": 0.6785714285714286,
    "accuracy": 0.7272727272727273,
    "balanced_accuracy": 0.7857142857142857,
    "sensitivity": {
      "value": 0.5714285714285714,
      "ci_lower": 0.2504583645276572,
      "ci_upper": 0.8417801447485302
    },
    "specificity": {
      "value": 1.0,
      "ci_lower": 0.5101091635454027,
      "ci_upper": 1.0
    },
    "brier_score": 0.2210698127746582,
    "ece": 0.19604225321249527
  },
  "n_train_patients": 31,
  "n_val_patients": 10,
  "n_test_patients": 11,
  "n_train_spectra": 1152,
  "n_val_spectra": 428,
  "n_test_spectra": 390
}