{
  "exp_id": "B2",
  "split_seed": 17,
  "best_epoch": 12,
  "best_val_score": 0.9,
  "temperature": 0.5968519449234009,
  "threshold": 0.4699999999999999,
  "threshold_result": {
    "threshold": 0.4699999999999999,
    "sensitivity": 1.0,
    "specificity": 0.75,
    "balanced_accuracy": 0.875,
    "youden": 0.75,
    "accuracy": 0.9
  },
  "test_metrics": {
    "roc_auc": 0.8214285714285714,
    "accuracy": 0.6363636363636364,
    "balanced_accuracy": 0.6071428571428572,
    "sensitivity": {
      "value": 0.7142857142857143,
      "ci_lower": 0.35893445183261935,
      "ci_upper": 0.9177810759959433
    },
    "specificity": {
      "value": 0.5,
      "ci_lower": 0.15003898915214947,
      "ci_upper": 0.8499610108478506
    },
    "brier_score": 0.18384918570518494,
    "ece": 0.22521207278425046
  },
  "n_train_patients": 31,
  "n_val_patients": 10,
  "n_test_patients": 11,
  "n_train_spectra": 1178,
  "n_val_spectra": 332,
  "n_test_spectra": 460
}