{
  "exp_id": "B3",
  "split_seed": 9,
  "best_epoch": 21,
  "best_val_score": 1.0,
  "temperature": 1.265602707862854,
  "threshold": 0.8499999999999999,
  "threshold_result": {
    "threshold": 0.8499999999999999,
    "sensitivity": 1.0,
    "specificity": 1.0,
    "balanced_accuracy": 1.0,
    "youden": 1.0,
    "accuracy": 1.0
  },
  "test_metrics": {
    "roc_auc": 0.75,
    "accuracy": 0.5454545454545454,
    "balanced_accuracy": 0.5357142857142857,
    "sensitivity": {
      "value": 0.5714285714285714,
      "ci_lower": 0.2504583645276572,
      "ci_upper": 0.8417801447485302
    },
    "specificity": {
      "value": 0.5,
      "ci_lower": 0.15003898915214947,
      "ci_upper": 0.8499610108478506
    },
    "brier_score": 0.20384691655635834,
    "ece": 0.22922264716841959
  },
  "n_train_patients": 31,
  "n_val_patients": 10,
  "n_test_patients": 11,
  "n_train_spectra": 1152,
  "n_val_spectra": 428,
  "n_test_spectra": 390
}