{
  "exp_id": "B3",
  "split_seed": 14,
  "best_epoch": 31,
  "best_val_score": 1.0,
  "temperature": 0.6401116847991943,
  "threshold": 0.3499999999999999,
  "threshold_result": {
    "threshold": 0.3499999999999999,
    "sensitivity": 0.8333333333333334,
    "specificity": 1.0,
    "balanced_accuracy": 0.9166666666666667,
    "youden": 0.8333333333333335,
    "accuracy": 0.9
  },
  "test_metrics": {
    "roc_auc": 1.0,
    "accuracy": 0.9090909090909091,
    "balanced_accuracy": 0.9285714285714286,
    "sensitivity": {
      "value": 0.8571428571428571,
      "ci_lower": 0.4868721707256811,
      "ci_upper": 0.9743203756552565
    },
    "specificity": {
      "value": 1.0,
      "ci_lower": 0.5101091635454027,
      "ci_upper": 1.0
    },
    "brier_score": 0.09044443815946579,
    "ece": 0.20471160655671902
  },
  "n_train_patients": 31,
  "n_val_patients": 10,
  "n_test_patients": 11,
  "n_train_spectra": 1111,
  "n_val_spectra": 377,
  "n_test_spectra": 482
}