{
  "exp_id": "B3",
  "split_seed": 6,
  "best_epoch": 12,
  "best_val_score": 0.875,
  "temperature": 2.321133852005005,
  "threshold": 0.24999999999999994,
  "threshold_result": {
    "threshold": 0.24999999999999994,
    "sensitivity": 1.0,
    "specificity": 0.75,
    "balanced_accuracy": 0.875,
    "youden": 0.75,
    "accuracy": 0.9
  },
  "test_metrics": {
    "roc_auc": 0.8928571428571428,
    "accuracy": 0.8181818181818182,
    "balanced_accuracy": 0.75,
    "sensitivity": {
      "value": 1.0,
      "ci_lower": 0.6456695649333126,
      "ci_upper": 1.0
    },
    "specificity": {
      "value": 0.5,
      "ci_lower": 0.15003898915214947,
      "ci_upper": 0.8499610108478506
    },
    "brier_score": 0.2549249827861786,
    "ece": 0.3135541352358731
  },
  "n_train_patients": 31,
  "n_val_patients": 10,
  "n_test_patients": 11,
  "n_train_spectra": 1228,
  "n_val_spectra": 321,
  "n_test_spectra": 421
}