{
  "exp_id": "B3",
  "split_seed": 0,
  "best_epoch": 7,
  "best_val_score": 1.0,
  "temperature": 0.913159966468811,
  "threshold": 0.58,
  "threshold_result": {
    "threshold": 0.58,
    "sensitivity": 0.6666666666666666,
    "specificity": 1.0,
    "balanced_accuracy": 0.8333333333333333,
    "youden": 0.6666666666666665,
    "accuracy": 0.8
  },
  "test_metrics": {
    "roc_auc": 0.8214285714285714,
    "accuracy": 0.6363636363636364,
    "balanced_accuracy": 0.6607142857142857,
    "sensitivity": {
      "value": 0.5714285714285714,
      "ci_lower": 0.2504583645276572,
      "ci_upper": 0.8417801447485302
    },
    "specificity": {
      "value": 0.75,
      "ci_lower": 0.30064184258240184,
      "ci_upper": 0.9544127391902995
    },
    "brier_score": 0.22145609557628632,
    "ece": 0.15475552732294257
  },
  "n_train_patients": 31,
  "n_val_patients": 10,
  "n_test_patients": 11,
  "n_train_spectra": 1192,
  "n_val_spectra": 372,
  "n_test_spectra": 406
}