{
  "exp_id": "B3",
  "split_seed": 17,
  "best_epoch": 20,
  "best_val_score": 1.0,
  "temperature": 0.700709879398346,
  "threshold": 0.24999999999999994,
  "threshold_result": {
    "threshold": 0.24999999999999994,
    "sensitivity": 1.0,
    "specificity": 1.0,
    "balanced_accuracy": 1.0,
    "youden": 1.0,
    "accuracy": 1.0
  },
  "test_metrics": {
    "roc_auc": 0.9285714285714286,
    "accuracy": 0.7272727272727273,
    "balanced_accuracy": 0.7321428571428572,
    "sensitivity": {
      "value": 0.7142857142857143,
      "ci_lower": 0.35893445183261935,
      "ci_upper": 0.9177810759959433
    },
    "specificity": {
      "value": 0.75,
      "ci_lower": 0.30064184258240184,
      "ci_upper": 0.9544127391902995
    },
    "brier_score": 0.15990875661373138,
    "ece": 0.29514947262677277
  },
  "n_train_patients": 31,
  "n_val_patients": 10,
  "n_test_patients": 11,
  "n_train_spectra": 1178,
  "n_val_spectra": 332,
  "n_test_spectra": 460
}