{
  "exp_id": "B3",
  "split_seed": 16,
  "best_epoch": 1,
  "best_val_score": 0.7083333333333334,
  "temperature": 1.0845539569854736,
  "threshold": 0.61,
  "threshold_result": {
    "threshold": 0.61,
    "sensitivity": 0.8333333333333334,
    "specificity": 0.5,
    "balanced_accuracy": 0.6666666666666667,
    "youden": 0.3333333333333335,
    "accuracy": 0.7
  },
  "test_metrics": {
    "roc_auc": 0.5714285714285714,
    "accuracy": 0.7272727272727273,
    "balanced_accuracy": 0.6785714285714286,
    "sensitivity": {
      "value": 0.8571428571428571,
      "ci_lower": 0.4868721707256811,
      "ci_upper": 0.9743203756552565
    },
    "specificity": {
      "value": 0.5,
      "ci_lower": 0.15003898915214947,
      "ci_upper": 0.8499610108478506
    },
    "brier_score": 0.23052716255187988,
    "ece": 0.018657993186603883
  },
  "n_train_patients": 31,
  "n_val_patients": 10,
  "n_test_patients": 11,
  "n_train_spectra": 1024,
  "n_val_spectra": 436,
  "n_test_spectra": 510
}