{
  "exp_id": "B3",
  "split_seed": 13,
  "best_epoch": 7,
  "best_val_score": 1.0,
  "temperature": 2.7447893619537354,
  "threshold": 0.37999999999999995,
  "threshold_result": {
    "threshold": 0.37999999999999995,
    "sensitivity": 0.6666666666666666,
    "specificity": 1.0,
    "balanced_accuracy": 0.8333333333333333,
    "youden": 0.6666666666666665,
    "accuracy": 0.8
  },
  "test_metrics": {
    "roc_auc": 0.8928571428571428,
    "accuracy": 0.6363636363636364,
    "balanced_accuracy": 0.5535714285714286,
    "sensitivity": {
      "value": 0.8571428571428571,
      "ci_lower": 0.4868721707256811,
      "ci_upper": 0.9743203756552565
    },
    "specificity": {
      "value": 0.25,
      "ci_lower": 0.04558726080970055,
      "ci_upper": 0.6993581574175981
    },
    "brier_score": 0.2012462466955185,
    "ece": 0.32789787379178137
  },
  "n_train_patients": 31,
  "n_val_patients": 10,
  "n_test_patients": 11,
  "n_train_spectra": 1244,
  "n_val_spectra": 240,
  "n_test_spectra": 486
}