{
  "B0": {
    "n_splits": 20,
    "roc_auc": {
      "mean": 0.7946428571428571,
      "std": 0.23257622937536385,
      "min": 0.07142857142857142,
      "max": 1.0
    },
    "accuracy": {
      "mean": 0.7090909090909091,
      "std": 0.15773516657714481,
      "min": 0.2727272727272727,
      "max": 0.9090909090909091
    },
    "balanced_accuracy": {
      "mean": 0.6616071428571428,
      "std": 0.2009873420246542,
      "min": 0.21428571428571427,
      "max": 0.9285714285714286
    },
    "brier_score": {
      "mean": 0.18559823371469975,
      "std": 0.06562030050091756,
      "min": 0.06576906889677048,
      "max": 0.2766369581222534
    },
    "ece": {
      "mean": 0.19074971150945536,
      "std": 0.1192257917586558,
      "min": 0.0010079253803599864,
      "max": 0.39893995089964435
    },
    "sensitivity_mean": 0.8357142857142856,
    "sensitivity_std": 0.223606797749979,
    "specificity_mean": 0.4875,
    "specificity_std": 0.4622243132824945,
    "threshold_mean": 0.5,
    "threshold_std": 0.0,
    "temperature_mean": 0.30799766480922697,
    "temperature_std": 3.2691477803396536
  },
  "B1": {
    "n_splits": 20,
    "roc_auc": {
      "mean": 0.7910714285714286,
      "std": 0.23441628261560002,
      "min": 0.0,
      "max": 1.0
    },
    "accuracy": {
      "mean": 0.7454545454545454,
      "std": 0.14328525920952953,
      "min": 0.5454545454545454,
      "max": 1.0
    },
    "balanced_accuracy": {
      "mean": 0.6714285714285715,
      "std": 0.19210029715635987,
      "min": 0.42857142857142855,
      "max": 1.0
    },
    "brier_score": {
      "mean": 0.17871364168822765,
      "std": 0.0829273455744593,
      "min": 0.03556113690137863,
      "max": 0.40545454621315
    },
    "ece": {
      "mean": 0.2186018468642777,
      "std": 0.13714905644572803,
      "min": 0.017586361278187135,
      "max": 0.6347847039049321
    },
    "sensitivity_mean": 0.9428571428571428,
    "sensitivity_std": 0.09722243533981724,
    "specificity_mean": 0.4,
    "specificity_std": 0.3923612728354477,
    "threshold_mean": 0.36149999999999993,
    "threshold_std": 0.1646775158014181,
    "temperature_mean": 0.6311091244220733,
    "temperature_std": 1.1389033408558125
  },
  "B2": {
    "n_splits": 20,
    "roc_auc": {
      "mean": 0.6767857142857142,
      "std": 0.33950329390681444,
      "min": 0.0,
      "max": 1.0
    },
    "accuracy": {
      "mean": 0.7045454545454546,
      "std": 0.11375591797099271,
      "min": 0.6363636363636364,
      "max": 1.0
    },
    "balanced_accuracy": {
      "mean": 0.6151785714285715,
      "std": 0.16675922734088738,
      "min": 0.5,
      "max": 1.0
    },
    "brier_score": {
      "mean": 0.1927406568080187,
      "std": 0.07052097576867879,
      "min": 0.03357201814651489,
      "max": 0.2832651436328888
    },
    "ece": {
      "mean": 0.20476283285216512,
      "std": 0.14378178005854453,
      "min": 0.017790566791187623,
      "max": 0.5320462719960646
    },
    "sensitivity_mean": 0.9428571428571428,
    "sensitivity_std": 0.1172546688097319,
    "specificity_mean": 0.2875,
    "specificity_std": 0.3913118960624632,
    "threshold_mean": 0.294,
    "threshold_std": 0.20543663384682825,
    "temperature_mean": -3.208669383823872,
    "temperature_std": 8.797310919982591
  },
  "B3": {
    "n_splits": 20,
    "roc_auc": {
      "mean": 0.6875,
      "std": 0.31282877442023005,
      "min": 0.0,
      "max": 1.0
    },
    "accuracy": {
      "mean": 0.7136363636363636,
      "std": 0.14531991376949352,
      "min": 0.45454545454545453,
      "max": 1.0
    },
    "balanced_accuracy": {
      "mean": 0.6410714285714285,
      "std": 0.18583895468499145,
      "min": 0.4107142857142857,
      "max": 1.0
    },
    "brier_score": {
      "mean": 0.19309849329292775,
      "std": 0.06352574807081704,
      "min": 0.06155307590961456,
      "max": 0.2813398540019989
    },
    "ece": {
      "mean": 0.2313737980259413,
      "std": 0.10215591668926534,
      "min": 0.06471593271602283,
      "max": 0.42095907167954877
    },
    "sensitivity_mean": 0.9071428571428571,
    "sensitivity_std": 0.14856998264189397,
    "specificity_mean": 0.375,
    "specificity_std": 0.38474188203193277,
    "threshold_mean": 0.35299999999999987,
    "threshold_std": 0.16642051998982638,
    "temperature_mean": -37.54988464415074,
    "temperature_std": 165.65994043754293
  },
  "B4": {
    "n_splits": 20,
    "roc_auc": {
      "mean": 0.7232142857142857,
      "std": 0.29516216482566954,
      "min": 0.0,
      "max": 1.0
    },
    "accuracy": {
      "mean": 0.7,
      "std": 0.1183473261386827,
      "min": 0.5454545454545454,
      "max": 0.9090909090909091
    },
    "balanced_accuracy": {
      "mean": 0.6116071428571429,
      "std": 0.16619467494031728,
      "min": 0.42857142857142855,
      "max": 0.9285714285714286
    },
    "brier_score": {
      "mean": 0.1958109237253666,
      "std": 0.06319048255112227,
      "min": 0.09415416419506073,
      "max": 0.2992730438709259
    },
    "ece": {
      "mean": 0.22217865819111465,
      "std": 0.11173541672263214,
      "min": 0.016059290279041627,
      "max": 0.4517313241958618
    },
    "sensitivity_mean": 0.9357142857142857,
    "sensitivity_std": 0.0980475344504657,
    "specificity_mean": 0.2875,
    "specificity_std": 0.3652234355770955,
    "threshold_mean": 0.368,
    "threshold_std": 0.19522187107844347,
    "temperature_mean": -17.32722597271204,
    "temperature_std": 60.28873299109209
  }
}