{
  "experiment_id": "exp_002_ssl_ensemble",
  "test_status": "legacy_observed_holdout",
  "leakage_audit": {
    "development_test_overlap": 0,
    "oof_unique_patients": 41
  },
  "oof": {
    "patient_ids": [
      3,
      8,
      12,
      16,
      17,
      31,
      40,
      42,
      44,
      0,
      6,
      10,
      24,
      30,
      33,
      39,
      48,
      5,
      7,
      13,
      25,
      28,
      38,
      45,
      49,
      2,
      4,
      15,
      21,
      29,
      36,
      47,
      50,
      9,
      18,
      22,
      23,
      32,
      34,
      43,
      46
    ],
    "labels": [
      1,
      1,
      1,
      1,
      1,
      0,
      0,
      0,
      0,
      1,
      1,
      1,
      1,
      1,
      0,
      0,
      0,
      1,
      1,
      1,
      1,
      1,
      0,
      0,
      0,
      1,
      1,
      1,
      1,
      1,
      0,
      0,
      0,
      1,
      1,
      1,
      1,
      0,
      0,
      0,
      0
    ],
    "raw_probability": [
      0.9626530602574348,
      0.9165185734629631,
      0.9979462280869484,
      0.9985434800386429,
      0.9986224755644798,
      0.06041262054641265,
      0.011711348011158407,
      0.008718586672330275,
      0.18718199659488163,
      0.9380172207951546,
      0.9338032394647598,
      0.9463165313005447,
      0.5116682887077332,
      0.5716826789081096,
      0.618292273581028,
      0.13730379245243968,
      0.2535438359715044,
      0.6789832703769207,
      0.8339001819491386,
      0.8081003189086914,
      0.6084943026304245,
      0.27892982580233366,
      0.7018076121807099,
      0.5166653287014924,
      0.4212500254623592,
      0.889233224093914,
      0.8163459539413452,
      0.8851782456040382,
      0.7424347996711731,
      0.43877250924706457,
      0.45104082860052586,
      0.10245156509336084,
      0.7566341295838356,
      0.9485256135463714,
      0.9776852548122406,
      0.852458618581295,
      0.9041072204709053,
      0.027633404816151598,
      0.010414600319927558,
      0.0934219873510301,
      0.25779053433798255
    ],
    "calibrated_probability": [
      0.9916102148968696,
      0.9712191027750904,
      0.9998866755416362,
      0.9999316426146457,
      0.9999370246381595,
      0.017457902264328532,
      0.0014801884583633452,
      0.0009558554225770139,
      0.10371482498351377,
      0.9818400684462978,
      0.9799052503217228,
      0.9854322404382052,
      0.5171331127833655,
      0.604447244513875,
      0.6700347199834261,
      0.06302085244057586,
      0.169967750979842,
      0.750293000817411,
      0.9144885082913176,
      0.8920166392996336,
      0.6564827878870475,
      0.19862739872485358,
      0.778518442147612,
      0.524465164985667,
      0.38544260122986734,
      0.9551743429110469,
      0.8994310937316797,
      0.9525558932701621,
      0.825607556793687,
      0.41059580482894936,
      0.4283609876957497,
      0.039642952661831286,
      0.8410307936137174,
      0.9863383668771099,
      0.9961331268346699,
      0.9293040357371092,
      0.9642655184209229,
      0.0053278930966058485,
      0.0012437538703208146,
      0.03430368914185283,
      0.17464168650639222
    ],
    "ensemble_epistemic_uncertainty": [
      0.0029043928148952203,
      0.015882572986355373,
      2.0343571765080174e-06,
      8.58085042896306e-07,
      8.94172137408944e-07,
      0.013297254465549076,
      0.00014844883553603858,
      0.00011051496019921917,
      0.04680868387123079,
      0.0014033936189779528,
      0.0016041016271717812,
      0.001016349750564447,
      0.05685919656243984,
      0.038222418548104244,
      0.011178000489496496,
      0.01780810950869524,
      0.020663009836503276,
      0.028522550280225923,
      0.010837900095428251,
      0.01235008966186911,
      0.006307586601215162,
      0.020764960687672127,
      0.005842354679724925,
      0.07421622657765573,
      0.03974831416375666,
      0.005657163620830019,
      0.020917338829915054,
      0.004537856406651319,
      0.024413580997243733,
      0.018709529059274414,
      0.02111511095702412,
      0.009406191731712444,
      0.019633074369095328,
      0.0043185911136969105,
      0.00021427892803965956,
      0.01340709655040584,
      0.0057388584050183985,
      0.0024217372816499744,
      7.330015809242452e-05,
      0.03152790358960399,
      0.06910683335362758
    ],
    "temperature": 0.6808942768614262,
    "threshold_result": {
      "threshold": 0.18,
      "sensitivity": 1.0,
      "specificity": 0.6470588235294118,
      "balanced_accuracy": 0.8235294117647058,
      "youden": 0.6470588235294117,
      "accuracy": 0.8536585365853658
    },
    "metrics": {
      "roc_auc": 0.9411764705882353,
      "accuracy": 0.8536585365853658,
      "balanced_accuracy": 0.8235294117647058,
      "brier_score": 0.09947201407029978,
      "ece": 0.06225551889367027,
      "sensitivity": 1.0,
      "specificity": 0.6470588235294118
    },
    "epistemic_error_detection_auc": 0.7380952380952381,
    "selected_final_epochs": {
      "0": 23,
      "1": 8,
      "2": 11,
      "3": 18,
      "4": 10
    },
    "locked_test_patient_ids": [
      1,
      11,
      14,
      19,
      20,
      26,
      27,
      35,
      37,
      41,
      51
    ],
    "fold_matrix": [
      {
        "fold": 0,
        "n_val": 9,
        "raw_auc": 1.0,
        "mean_best_epoch": 28.0,
        "member_auc_mean": 1.0,
        "member_auc_std": 0.0
      },
      {
        "fold": 1,
        "n_val": 8,
        "raw_auc": 0.8666666666666667,
        "mean_best_epoch": 17.6,
        "member_auc_mean": 0.8933333333333333,
        "member_auc_std": 0.059628479399994376
      },
      {
        "fold": 2,
        "n_val": 8,
        "raw_auc": 0.6666666666666667,
        "mean_best_epoch": 5.6,
        "member_auc_mean": 0.5866666666666667,
        "member_auc_std": 0.11925695879998875
      },
      {
        "fold": 3,
        "n_val": 8,
        "raw_auc": 0.8,
        "mean_best_epoch": 9.6,
        "member_auc_mean": 0.8133333333333332,
        "member_auc_std": 0.05577733510227169
      },
      {
        "fold": 4,
        "n_val": 8,
        "raw_auc": 1.0,
        "mean_best_epoch": 24.0,
        "member_auc_mean": 1.0,
        "member_auc_std": 0.0
      }
    ]
  },
  "test": {
    "patient_ids": [
      1,
      11,
      14,
      19,
      20,
      26,
      27,
      35,
      37,
      41,
      51
    ],
    "labels": [
      1,
      1,
      1,
      1,
      1,
      1,
      1,
      0,
      0,
      0,
      0
    ],
    "probability": [
      0.9975166422197488,
      0.9894074487117045,
      0.8766299014349124,
      0.930485218923576,
      0.8052943852222689,
      0.8234373624355431,
      0.0013225414862210536,
      0.0017704396287368399,
      0.015771799366979457,
      0.16767356204616485,
      0.8994735607613656
    ],
    "predicted_label": [
      1,
      1,
      1,
      1,
      1,
      1,
      0,
      0,
      0,
      0,
      1
    ],
    "metrics": {
      "roc_auc": 0.7499999999999999,
      "accuracy": 0.8181818181818182,
      "balanced_accuracy": 0.8035714285714286,
      "brier_score": 0.174911923345426,
      "ece": 0.14874860741484436,
      "sensitivity": 0.8571428571428571,
      "specificity": 0.75
    },
    "uncertainty_error_detection_auc": {
      "ensemble_epistemic": 0.33333333333333337,
      "sampling": 0.33333333333333337,
      "aleatoric": 0.3888888888888889,
      "mc_dropout_epistemic": 0.2777777777777778
    }
  }
}