{
  "exp_id": "B7",
  "split_seed": 3,
  "best_epoch": 39,
  "best_val_score": 1.0,
  "temperature": 0.13287247717380524,
  "threshold": 0.38999999999999996,
  "threshold_result": {
    "threshold": 0.38999999999999996,
    "sensitivity": 1.0,
    "specificity": 1.0,
    "balanced_accuracy": 1.0,
    "youden": 1.0,
    "accuracy": 1.0
  },
  "test_metrics": {
    "roc_auc": 0.8214285714285714,
    "accuracy": 0.8181818181818182,
    "balanced_accuracy": 0.8035714285714286,
    "sensitivity": {
      "value": 0.8571428571428571,
      "ci_lower": 0.4868721707256811,
      "ci_upper": 0.9743203756552565
    },
    "specificity": {
      "value": 0.75,
      "ci_lower": 0.30064184258240184,
      "ci_upper": 0.9544127391902995
    },
    "brier_score": 0.17325764651385,
    "ece": 0.20112445544112806
  },
  "n_train_patients": 31,
  "n_val_patients": 10,
  "n_test_patients": 11,
  "n_train_spectra": 1133,
  "n_val_spectra": 437,
  "n_test_spectra": 400
}