{
  "exp_id": "B7",
  "split_seed": 2,
  "best_epoch": 26,
  "best_val_score": 1.0,
  "temperature": 0.04999999701976776,
  "threshold": 0.3999999999999999,
  "threshold_result": {
    "threshold": 0.3999999999999999,
    "sensitivity": 1.0,
    "specificity": 1.0,
    "balanced_accuracy": 1.0,
    "youden": 1.0,
    "accuracy": 1.0
  },
  "test_metrics": {
    "roc_auc": 1.0,
    "accuracy": 0.9090909090909091,
    "balanced_accuracy": 0.9285714285714286,
    "sensitivity": {
      "value": 0.8571428571428571,
      "ci_lower": 0.4868721707256811,
      "ci_upper": 0.9743203756552565
    },
    "specificity": {
      "value": 1.0,
      "ci_lower": 0.5101091635454027,
      "ci_upper": 1.0
    },
    "brier_score": 0.08451123287199838,
    "ece": 0.1882790259339593
  },
  "n_train_patients": 31,
  "n_val_patients": 10,
  "n_test_patients": 11,
  "n_train_spectra": 1006,
  "n_val_spectra": 461,
  "n_test_spectra": 503
}