{
  "exp_id": "B7",
  "split_seed": 17,
  "best_epoch": 20,
  "best_val_score": 0.875,
  "temperature": 0.33060315251350403,
  "threshold": 0.4799999999999999,
  "threshold_result": {
    "threshold": 0.4799999999999999,
    "sensitivity": 1.0,
    "specificity": 0.75,
    "balanced_accuracy": 0.875,
    "youden": 0.75,
    "accuracy": 0.9
  },
  "test_metrics": {
    "roc_auc": 0.8928571428571428,
    "accuracy": 0.8181818181818182,
    "balanced_accuracy": 0.75,
    "sensitivity": {
      "value": 1.0,
      "ci_lower": 0.6456695649333126,
      "ci_upper": 1.0
    },
    "specificity": {
      "value": 0.5,
      "ci_lower": 0.15003898915214947,
      "ci_upper": 0.8499610108478506
    },
    "brier_score": 0.14725489286829044,
    "ece": 0.17938586527651004
  },
  "n_train_patients": 31,
  "n_val_patients": 10,
  "n_test_patients": 11,
  "n_train_spectra": 1178,
  "n_val_spectra": 332,
  "n_test_spectra": 460
}