{
  "exp_id": "B7",
  "split_seed": 10,
  "best_epoch": 10,
  "best_val_score": 0.9166666666666667,
  "temperature": 0.7412409782409668,
  "threshold": 0.4699999999999999,
  "threshold_result": {
    "threshold": 0.4699999999999999,
    "sensitivity": 0.8333333333333334,
    "specificity": 1.0,
    "balanced_accuracy": 0.9166666666666667,
    "youden": 0.8333333333333335,
    "accuracy": 0.9
  },
  "test_metrics": {
    "roc_auc": 0.8214285714285714,
    "accuracy": 0.6363636363636364,
    "balanced_accuracy": 0.6607142857142857,
    "sensitivity": {
      "value": 0.5714285714285714,
      "ci_lower": 0.2504583645276572,
      "ci_upper": 0.8417801447485302
    },
    "specificity": {
      "value": 0.75,
      "ci_lower": 0.30064184258240184,
      "ci_upper": 0.9544127391902995
    },
    "brier_score": 0.23345126046342354,
    "ece": 0.23405996913259677
  },
  "n_train_patients": 31,
  "n_val_patients": 10,
  "n_test_patients": 11,
  "n_train_spectra": 1131,
  "n_val_spectra": 423,
  "n_test_spectra": 416
}