{
  "exp_id": "B7",
  "split_seed": 6,
  "best_epoch": 13,
  "best_val_score": 0.875,
  "temperature": 0.5899955034255981,
  "threshold": 0.4599999999999999,
  "threshold_result": {
    "threshold": 0.4599999999999999,
    "sensitivity": 1.0,
    "specificity": 0.75,
    "balanced_accuracy": 0.875,
    "youden": 0.75,
    "accuracy": 0.9
  },
  "test_metrics": {
    "roc_auc": 0.8571428571428571,
    "accuracy": 0.8181818181818182,
    "balanced_accuracy": 0.75,
    "sensitivity": {
      "value": 1.0,
      "ci_lower": 0.6456695649333126,
      "ci_upper": 1.0
    },
    "specificity": {
      "value": 0.5,
      "ci_lower": 0.15003898915214947,
      "ci_upper": 0.8499610108478506
    },
    "brier_score": 0.12732661694882333,
    "ece": 0.25337452305988833
  },
  "n_train_patients": 31,
  "n_val_patients": 10,
  "n_test_patients": 11,
  "n_train_spectra": 1228,
  "n_val_spectra": 321,
  "n_test_spectra": 421
}