{
  "exp_id": "B7",
  "split_seed": 5,
  "best_epoch": 6,
  "best_val_score": 0.75,
  "temperature": 0.8942230939865112,
  "threshold": 0.4699999999999999,
  "threshold_result": {
    "threshold": 0.4699999999999999,
    "sensitivity": 1.0,
    "specificity": 0.5,
    "balanced_accuracy": 0.75,
    "youden": 0.5,
    "accuracy": 0.8
  },
  "test_metrics": {
    "roc_auc": 0.17857142857142855,
    "accuracy": 0.6363636363636364,
    "balanced_accuracy": 0.5,
    "sensitivity": {
      "value": 1.0,
      "ci_lower": 0.6456695649333126,
      "ci_upper": 1.0
    },
    "specificity": {
      "value": 0.0,
      "ci_lower": 0.0,
      "ci_upper": 0.4898908364545973
    },
    "brier_score": 0.2679286598411143,
    "ece": 0.27486507459120313
  },
  "n_train_patients": 31,
  "n_val_patients": 10,
  "n_test_patients": 11,
  "n_train_spectra": 1248,
  "n_val_spectra": 332,
  "n_test_spectra": 390
}