{
  "exp_id": "B7",
  "split_seed": 16,
  "best_epoch": 59,
  "best_val_score": 0.875,
  "temperature": 0.14461679756641388,
  "threshold": 0.59,
  "threshold_result": {
    "threshold": 0.59,
    "sensitivity": 0.8333333333333334,
    "specificity": 1.0,
    "balanced_accuracy": 0.9166666666666667,
    "youden": 0.8333333333333335,
    "accuracy": 0.9
  },
  "test_metrics": {
    "roc_auc": 0.7857142857142857,
    "accuracy": 0.5454545454545454,
    "balanced_accuracy": 0.5357142857142857,
    "sensitivity": {
      "value": 0.5714285714285714,
      "ci_lower": 0.2504583645276572,
      "ci_upper": 0.8417801447485302
    },
    "specificity": {
      "value": 0.5,
      "ci_lower": 0.15003898915214947,
      "ci_upper": 0.8499610108478506
    },
    "brier_score": 0.2441697953087008,
    "ece": 0.3377440137479756
  },
  "n_train_patients": 31,
  "n_val_patients": 10,
  "n_test_patients": 11,
  "n_train_spectra": 1024,
  "n_val_spectra": 436,
  "n_test_spectra": 510
}