{
  "phase": "Phase4D",
  "method": "Grouped-MCSS-AttentionMeanMIL-Heteroscedastic",
  "leakage_audit": {
    "development_patient_ids": [
      0,
      2,
      3,
      4,
      5,
      6,
      7,
      8,
      9,
      10,
      12,
      13,
      15,
      16,
      17,
      18,
      21,
      22,
      23,
      24,
      25,
      28,
      29,
      30,
      31,
      32,
      33,
      34,
      36,
      38,
      39,
      40,
      42,
      43,
      44,
      45,
      46,
      47,
      48,
      49,
      50
    ],
    "locked_test_patient_ids": [
      1,
      11,
      14,
      19,
      20,
      26,
      27,
      35,
      37,
      41,
      51
    ],
    "overlap": 0,
    "oof_unique_patients": 41
  },
  "oof": {
    "temperature": 1.3172304848049778,
    "threshold_result": {
      "threshold": 0.42999999999999994,
      "sensitivity": 0.9166666666666666,
      "specificity": 0.8235294117647058,
      "balanced_accuracy": 0.8700980392156863,
      "youden": 0.7401960784313726,
      "accuracy": 0.8780487804878049
    },
    "best_epochs": [
      28,
      42,
      18,
      6,
      54
    ],
    "selected_final_epochs": 28,
    "metrics": {
      "roc_auc": 0.9264705882352942,
      "accuracy": 0.8780487804878049,
      "balanced_accuracy": 0.8700980392156863,
      "brier_score": 0.1082178672297464,
      "ece": 0.11232935493893288,
      "sensitivity": 0.9166666666666666,
      "specificity": 0.8235294117647058
    }
  },
  "test": {
    "patient_ids": [
      1,
      11,
      14,
      19,
      20,
      26,
      27,
      35,
      37,
      41,
      51
    ],
    "labels": [
      1,
      1,
      1,
      1,
      1,
      1,
      1,
      0,
      0,
      0,
      0
    ],
    "probabilities": [
      0.9888618965943654,
      0.9889315779010455,
      0.9890179872512818,
      0.98070302978158,
      0.9209421738982201,
      0.9783133380115032,
      0.011916499185220648,
      0.010915529838530346,
      0.013807267726709446,
      0.05656858699706693,
      0.9850677996873856
    ],
    "sampling_uncertainty": [
      1.224687426124027e-10,
      7.119915421127665e-11,
      1.581384983183852e-08,
      1.6127278386953575e-07,
      0.05861064643033185,
      1.9745669203657598e-08,
      6.469306597126863e-10,
      9.67380472729207e-10,
      1.4632315074901239e-08,
      1.529850151729499e-07,
      2.2432501269736838e-08
    ],
    "aleatoric_uncertainty": [
      0.0025824362480004006,
      0.002483447287522722,
      0.002539054226963344,
      0.005168801462665821,
      0.015199471002172988,
      0.0057796959964131625,
      1.3418773026193283e-05,
      1.0353547608765724e-05,
      8.442826147726142e-05,
      0.0014378104147700318,
      0.003731638165966918
    ],
    "epistemic_uncertainty": [
      2.8320581946866203e-06,
      1.6311497318648944e-06,
      2.649532141287085e-06,
      2.6718845134563833e-06,
      0.00018122027071776497,
      7.336730624584361e-06,
      1.6833446248007963e-06,
      8.64167033615937e-07,
      1.4033548482173524e-05,
      0.00021884240631748334,
      1.500284502794121e-06
    ],
    "calibrated_probability": [
      0.9678843442376774,
      0.9680337667026724,
      0.9682194138454722,
      0.9517661512546098,
      0.8657536822152758,
      0.9474382845341351,
      0.03376808285632104,
      0.03163748156125147,
      0.03766504648329758,
      0.10561334841205998,
      0.9600862332113684
    ],
    "predicted_label": [
      1,
      1,
      1,
      1,
      1,
      1,
      0,
      0,
      0,
      0,
      1
    ],
    "metrics": {
      "roc_auc": 0.7857142857142857,
      "accuracy": 0.8181818181818182,
      "balanced_accuracy": 0.8035714285714286,
      "brier_score": 0.17228345738608467,
      "ece": 0.17274702264380448,
      "sensitivity": 0.8571428571428571,
      "specificity": 0.75
    }
  },
  "final_history": [
    {
      "epoch": 1,
      "train_loss": 0.691075787311647
    },
    {
      "epoch": 2,
      "train_loss": 0.6460202361752347
    },
    {
      "epoch": 3,
      "train_loss": 0.6135292035050508
    },
    {
      "epoch": 4,
      "train_loss": 0.5882260525008527
    },
    {
      "epoch": 5,
      "train_loss": 0.5985494539505098
    },
    {
      "epoch": 6,
      "train_loss": 0.5849165642043439
    },
    {
      "epoch": 7,
      "train_loss": 0.5301261762293373
    },
    {
      "epoch": 8,
      "train_loss": 0.5368855388426199
    },
    {
      "epoch": 9,
      "train_loss": 0.497669128110496
    },
    {
      "epoch": 10,
      "train_loss": 0.43839752764963524
    },
    {
      "epoch": 11,
      "train_loss": 0.3853270661358426
    },
    {
      "epoch": 12,
      "train_loss": 0.32311272403089014
    },
    {
      "epoch": 13,
      "train_loss": 0.30745042978626924
    },
    {
      "epoch": 14,
      "train_loss": 0.20561900793960908
    },
    {
      "epoch": 15,
      "train_loss": 0.20738391759918956
    },
    {
      "epoch": 16,
      "train_loss": 0.28208855285150247
    },
    {
      "epoch": 17,
      "train_loss": 0.131217786406235
    },
    {
      "epoch": 18,
      "train_loss": 0.10599882614503546
    },
    {
      "epoch": 19,
      "train_loss": 0.2304190047903032
    },
    {
      "epoch": 20,
      "train_loss": 0.28059187358835846
    },
    {
      "epoch": 21,
      "train_loss": 0.16046018085283478
    },
    {
      "epoch": 22,
      "train_loss": 0.17243467489393746
    },
    {
      "epoch": 23,
      "train_loss": 0.11822249713103945
    },
    {
      "epoch": 24,
      "train_loss": 0.09032093488225122
    },
    {
      "epoch": 25,
      "train_loss": 0.10001267265619301
    },
    {
      "epoch": 26,
      "train_loss": 0.12352936823920506
    },
    {
      "epoch": 27,
      "train_loss": 0.08448595181107521
    },
    {
      "epoch": 28,
      "train_loss": 0.07013508359470018
    }
  ],
  "config": {
    "seed": 42,
    "paths": {
      "dataset_dir": "Results/Phase3_QC/dataset",
      "results_dir": "Results/Phase4/mcss_hetero"
    },
    "split": {
      "outer_seed": 42,
      "train_ratio": 0.6,
      "val_ratio": 0.2,
      "test_ratio": 0.2,
      "oof_folds": 5
    },
    "mcss": {
      "bag_size": 16,
      "train_bags_per_patient": 4,
      "train_repeats_per_patient": 8,
      "eval_bags_per_group": 16,
      "eval_groups_per_patient": 8,
      "sample_with_replacement": false,
      "max_wavenumber_shift": 2,
      "gaussian_noise_std": 0.01
    },
    "model": {
      "kernel_sizes": [
        3,
        7,
        15,
        31
      ],
      "base_channels": 32,
      "n_res_blocks": 2,
      "embedding_dim": 128,
      "attention_hidden": 64,
      "dropout_rate": 0.35,
      "group_norm_groups": 4,
      "log_var_min": -6.0,
      "log_var_max": 2.0
    },
    "training": {
      "batch_size": 4,
      "epochs": 160,
      "learning_rate": 0.0007,
      "weight_decay": 0.0001,
      "warmup_deterministic_epochs": 12,
      "aleatoric_samples": 8,
      "variance_regularization": 0.0001,
      "consistency_weight": 0.05,
      "label_smoothing": 0.02,
      "early_stopping_patience": 30,
      "scheduler_patience": 10,
      "scheduler_factor": 0.5,
      "gradient_clip_norm": 5.0
    },
    "inference": {
      "mc_dropout_samples": 30,
      "aleatoric_samples": 16
    },
    "calibration": {
      "temperature_min": 0.2,
      "temperature_max": 5.0
    },
    "threshold": {
      "strategy": "max_accuracy"
    }
  }
}