{
  "n_repeats": 20,
  "seed": 42,
  "combo_results": {
    "patient_median__logistic_regression": {
      "roc_auc": {
        "mean": 0.9017857142857142,
        "std": 0.0730835068917183
      },
      "accuracy": {
        "mean": 0.8454545454545453,
        "std": 0.12230567315521554
      },
      "sensitivity": {
        "mean": 0.85,
        "std": 0.18884720094860408
      },
      "specificity": {
        "mean": 0.8375,
        "std": 0.18157298807917438
      },
      "brier_score": {
        "mean": 0.10361187197300858,
        "std": 0.05826544368830061
      },
      "ece": {
        "mean": 0.12400105162535788,
        "std": 0.08257326364546702
      }
    },
    "patient_median__xgboost": {
      "roc_auc": {
        "mean": 0.8678571428571429,
        "std": 0.14772941342818882
      },
      "accuracy": {
        "mean": 0.7636363636363637,
        "std": 0.13298853489388904
      },
      "sensitivity": {
        "mean": 0.8142857142857143,
        "std": 0.21237241067597865
      },
      "specificity": {
        "mean": 0.675,
        "std": 0.21065374432940895
      },
      "brier_score": {
        "mean": 0.1778573754041992,
        "std": 0.09072561033746229
      },
      "ece": {
        "mean": 0.22383669740009635,
        "std": 0.09924024524301595
      }
    },
    "spectrum_level__logistic_regression": {
      "roc_auc": {
        "mean": 0.975,
        "std": 0.03762733483161694
      },
      "accuracy": {
        "mean": 0.9272727272727274,
        "std": 0.06165754530113879
      },
      "sensitivity": {
        "mean": 0.9785714285714284,
        "std": 0.051010203061020366
      },
      "specificity": {
        "mean": 0.8375,
        "std": 0.16345871038277526
      },
      "brier_score": {
        "mean": 0.0612009137915205,
        "std": 0.037407401545469794
      },
      "ece": {
        "mean": 0.11003645100168072,
        "std": 0.04903351748614786
      }
    },
    "spectrum_level__xgboost": {
      "roc_auc": {
        "mean": 0.9535714285714285,
        "std": 0.08828005067363057
      },
      "accuracy": {
        "mean": 0.8818181818181818,
        "std": 0.11171096115858642
      },
      "sensitivity": {
        "mean": 0.9642857142857144,
        "std": 0.0765986092483115
      },
      "specificity": {
        "mean": 0.7375,
        "std": 0.255868618630734
      },
      "brier_score": {
        "mean": 0.08649729518402471,
        "std": 0.05106760370814366
      },
      "ece": {
        "mean": 0.16048884670953328,
        "std": 0.04448859658416591
      }
    }
  },
  "per_seed": {
    "patient_median__logistic_regression": {
      "roc_auc": [
        0.9285714285714286,
        0.8928571428571428,
        0.8392857142857143,
        0.8928571428571428,
        0.8392857142857143,
        1.0,
        0.875,
        0.875,
        0.9107142857142857,
        0.7857142857142857,
        0.9107142857142857,
        0.875,
        1.0,
        1.0,
        1.0,
        0.8214285714285714,
        0.75,
        0.9642857142857143,
        0.875,
        1.0
      ],
      "accuracy": [
        0.7272727272727273,
        0.7272727272727273,
        0.9090909090909091,
        0.9090909090909091,
        0.8181818181818182,
        1.0,
        0.9090909090909091,
        0.9090909090909091,
        0.8181818181818182,
        0.7272727272727273,
        0.8181818181818182,
        0.9090909090909091,
        1.0,
        0.9090909090909091,
        1.0,
        0.45454545454545453,
        0.8181818181818182,
        0.9090909090909091,
        0.8181818181818182,
        0.8181818181818182
      ],
      "sensitivity": [
        0.5714285714285714,
        0.8571428571428571,
        1.0,
        0.8571428571428571,
        0.8571428571428571,
        1.0,
        1.0,
        1.0,
        0.7142857142857143,
        0.5714285714285714,
        0.8571428571428571,
        1.0,
        1.0,
        0.8571428571428571,
        1.0,
        0.2857142857142857,
        1.0,
        0.8571428571428571,
        1.0,
        0.7142857142857143
      ],
      "specificity": [
        1.0,
        0.5,
        0.75,
        1.0,
        0.75,
        1.0,
        0.75,
        0.75,
        1.0,
        1.0,
        0.75,
        0.75,
        1.0,
        1.0,
        1.0,
        0.75,
        0.5,
        1.0,
        0.5,
        1.0
      ],
      "brier_score": [
        0.1632838286039862,
        0.12076558913832768,
        0.11705342341449332,
        0.10421308338450162,
        0.138327816106226,
        0.0,
        0.09090909090909091,
        0.09090909090909091,
        0.12646072185436721,
        0.16239509394517834,
        0.11363636363636363,
        0.09090909090909091,
        0.0015274437578725575,
        0.05712045883328227,
        0.011591823028116703,
        0.23300403565903344,
        0.18181818181818182,
        0.05252946967749223,
        0.12793526820554782,
        0.08784756566992803
      ],
      "ece": [
        0.18395851350528,
        0.15587151010774486,
        0.18375219877127874,
        0.15874583582976623,
        0.19201004069756095,
        0.0,
        0.09090909090909091,
        0.09090909090909091,
        0.15677715832580436,
        0.024403684708782913,
        0.13636363636363635,
        0.09090909090909091,
        0.01178382465258881,
        0.11069444198128889,
        0.046567084807610355,
        0.36848043254573676,
        0.18181818181818182,
        0.023776634450370846,
        0.14892646863214662,
        0.12336411258210686
      ]
    },
    "patient_median__xgboost": {
      "roc_auc": [
        0.8571428571428571,
        0.8571428571428571,
        0.9642857142857143,
        0.9285714285714286,
        0.8571428571428571,
        1.0,
        0.8571428571428572,
        0.9642857142857143,
        0.8214285714285714,
        0.6785714285714286,
        1.0,
        0.8928571428571428,
        0.7142857142857143,
        1.0,
        0.9642857142857143,
        0.5,
        0.5357142857142857,
        0.9642857142857143,
        1.0,
        1.0
      ],
      "accuracy": [
        0.6363636363636364,
        0.6363636363636364,
        0.9090909090909091,
        0.8181818181818182,
        0.8181818181818182,
        0.9090909090909091,
        0.8181818181818182,
        0.7272727272727273,
        0.7272727272727273,
        0.7272727272727273,
        0.9090909090909091,
        0.7272727272727273,
        0.8181818181818182,
        0.8181818181818182,
        0.8181818181818182,
        0.36363636363636365,
        0.5454545454545454,
        0.8181818181818182,
        0.8181818181818182,
        0.9090909090909091
      ],
      "sensitivity": [
        0.5714285714285714,
        0.5714285714285714,
        1.0,
        0.8571428571428571,
        1.0,
        1.0,
        1.0,
        1.0,
        0.5714285714285714,
        0.5714285714285714,
        0.8571428571428571,
        0.8571428571428571,
        1.0,
        0.7142857142857143,
        0.8571428571428571,
        0.2857142857142857,
        0.5714285714285714,
        1.0,
        1.0,
        1.0
      ],
      "specificity": [
        0.75,
        0.75,
        0.75,
        0.75,
        0.5,
        0.75,
        0.5,
        0.25,
        1.0,
        1.0,
        1.0,
        0.5,
        0.5,
        1.0,
        0.75,
        0.5,
        0.5,
        0.5,
        0.5,
        0.75
      ],