{
  "exp_id": "B0",
  "split_seed": 1,
  "best_epoch": 25,
  "best_val_score": 1.0,
  "temperature": 1.069142460823059,
  "threshold": 0.5,
  "threshold_result": {
    "threshold": 0.5,
    "sensitivity": 0.6666666666666666,
    "specificity": 1.0,
    "balanced_accuracy": 0.8333333333333333,
    "youden": 0.6666666666666665,
    "accuracy": 0.8
  },
  "test_metrics": {
    "roc_auc": 0.9285714285714286,
    "accuracy": 0.8181818181818182,
    "balanced_accuracy": 0.8035714285714286,
    "sensitivity": {
      "value": 0.8571428571428571,
      "ci_lower": 0.4868721707256811,
      "ci_upper": 0.9743203756552565
    },
    "specificity": {
      "value": 0.75,
      "ci_lower": 0.30064184258240184,
      "ci_upper": 0.9544127391902995
    },
    "brier_score": 0.10870612412691116,
    "ece": 0.09640229764309798
  },
  "n_train_patients": 31,
  "n_val_patients": 10,
  "n_test_patients": 11,
  "n_train_spectra": 1186,
  "n_val_spectra": 280,
  "n_test_spectra": 504
}