{
  "exp_id": "B0",
  "split_seed": 5,
  "best_epoch": 10,
  "best_val_score": 0.875,
  "temperature": 0.9230210185050964,
  "threshold": 0.5,
  "threshold_result": {
    "threshold": 0.5,
    "sensitivity": 0.5,
    "specificity": 0.75,
    "balanced_accuracy": 0.625,
    "youden": 0.25,
    "accuracy": 0.6
  },
  "test_metrics": {
    "roc_auc": 0.6428571428571428,
    "accuracy": 0.6363636363636364,
    "balanced_accuracy": 0.6607142857142857,
    "sensitivity": {
      "value": 0.5714285714285714,
      "ci_lower": 0.2504583645276572,
      "ci_upper": 0.8417801447485302
    },
    "specificity": {
      "value": 0.75,
      "ci_lower": 0.30064184258240184,
      "ci_upper": 0.9544127391902995
    },
    "brier_score": 0.19654279947280884,
    "ece": 0.21605583483522586
  },
  "n_train_patients": 31,
  "n_val_patients": 10,
  "n_test_patients": 11,
  "n_train_spectra": 1248,
  "n_val_spectra": 332,
  "n_test_spectra": 390
}